game_id,game_order,event,site,date_played,round,white,black,result,white_elo,white_rating_diff,black_elo,black_rating_diff,white_title,black_title,winner,winner_elo,loser,loser_elo,winner_loser_elo_diff,eco,termination,time_control,utc_date,utc_time,variant,ply_count,date_created,file_name
72dbf988-f725-413a-a5b5-c629504b5c04,1,Live Chess,Chess.com,2023.07.12,-,jibrealfiaraz,0utclass,0-1,757,,816,,,,0utclass,816,jibrealfiaraz,757,59,,0utclass won by resignation,180,,,,,2023-07-21T17:47:17+0000,blitz.pgn
8081c66b-0200-42c5-b3d2-e4fa3c7403f4,2,Live Chess,Chess.com,2023.07.12,-,RakhimovAlijon,jibrealfiaraz,1-0,777,,749,,,,RakhimovAlijon,777,jibrealfiaraz,749,28,,RakhimovAlijon won on time,180,,,,,2023-07-21T17:47:17+0000,blitz.pgn
be21b775-bd87-4495-8a68-32d49eb857a0,3,Live Chess,Chess.com,2023.07.12,-,Prettiflvko,jibrealfiaraz,0-1,748,,757,,,,jibrealfiaraz,757,Prettiflvko,748,9,,jibrealfiaraz won by resignation,180,,,,,2023-07-21T17:47:17+0000,blitz.pgn
ece83d2e-fc79-4252-a402-2c01c2408d9b,4,Live Chess,Chess.com,2023.07.12,-,jibrealfiaraz,gvelkua,1-0,765,,732,,,,jibrealfiaraz,765,gvelkua,732,33,,jibrealfiaraz won on time,180,,,,,2023-07-21T17:47:18+0000,blitz.pgn
40b75a7b-c0df-41b7-b699-16d2a2df7d47,5,Live Chess,Chess.com,2023.07.12,-,jibrealfiaraz,anton9929,1-0,772,,729,,,,jibrealfiaraz,772,anton9929,729,43,,jibrealfiaraz won on time,180,,,,,2023-07-21T17:47:18+0000,blitz.pgn
9bc5e958-f01b-4b41-b70a-5627a8064736,6,Live Chess,Chess.com,2023.07.12,-,jibrealfiaraz,zappi90,0-1,764,,767,,,,zappi90,767,jibrealfiaraz,764,3,,zappi90 won on time,180,,,,,2023-07-21T17:47:18+0000,blitz.pgn
0c0803c9-f880-4461-82b1-817681a5d601,7,Live Chess,Chess.com,2023.07.12,-,VerneriKaasalainen,jibrealfiaraz,0-1,735,,772,,,,jibrealfiaraz,772,VerneriKaasalainen,735,37,,jibrealfiaraz won on time,180,,,,,2023-07-21T17:47:18+0000,blitz.pgn
210507d4-18ba-45f6-8e10-ec34a6f01e4b,8,Live Chess,Chess.com,2023.07.12,-,allodskostet,jibrealfiaraz,1-0,773,,764,,,,allodskostet,773,jibrealfiaraz,764,9,,allodskostet won by checkmate,180,,,,,2023-07-21T17:47:18+0000,blitz.pgn
4a9ad6b1-c06e-41fd-b820-10bf84565d4a,9,Live Chess,Chess.com,2023.07.12,-,Grelletus,jibrealfiaraz,0-1,761,,772,,,,jibrealfiaraz,772,Grelletus,761,11,,jibrealfiaraz won on time,180,,,,,2023-07-21T17:47:18+0000,blitz.pgn
c6156f6d-cf7d-4f25-b288-edc4ec5dc2d3,10,Live Chess,Chess.com,2023.07.12,-,jibrealfiaraz,1Kuen1,0-1,763,,752,,,,1Kuen1,752,jibrealfiaraz,763,-11,,1Kuen1 won by resignation,180,,,,,2023-07-21T17:47:18+0000,blitz.pgn
545eb934-08a4-4bd6-a53c-7f77063d50a4,11,Live Chess,Chess.com,2023.07.13,-,ronJ56,jibrealfiaraz,0-1,713,,770,,,,jibrealfiaraz,770,ronJ56,713,57,,jibrealfiaraz won by resignation,300,,,,,2023-07-21T17:47:18+0000,blitz.pgn
ff8c9ee4-4a07-44e9-a171-e967673307db,12,Live Chess,Chess.com,2023.07.13,-,jibrealfiaraz,DimChessTRX,0-1,763,,827,,,,DimChessTRX,827,jibrealfiaraz,763,64,,DimChessTRX won by resignation,300,,,,,2023-07-21T17:47:18+0000,blitz.pgn
7a4ef540-d516-4cb3-99f4-1988bcef2eb8,13,Live Chess,Chess.com,2023.07.16,-,jibrealfiaraz,moRaafatic,1-0,771,,739,,,,jibrealfiaraz,771,moRaafatic,739,32,,jibrealfiaraz won by resignation,300,,,,,2023-07-21T17:47:18+0000,blitz.pgn
df909b2e-6ec1-4feb-a15c-87b71b573f91,14,Live Chess,Chess.com,2023.07.16,-,NormalHair,jibrealfiaraz,0-1,774,,779,,,,jibrealfiaraz,779,NormalHair,774,5,,jibrealfiaraz won - game abandoned,300,,,,,2023-07-21T17:47:18+0000,blitz.pgn
ce5bd1a0-1788-4ecd-b809-624a441ed9b9,15,Live Chess,Chess.com,2023.07.16,-,Ulises-Fitzgerald,jibrealfiaraz,0-1,747,,786,,,,jibrealfiaraz,786,Ulises-Fitzgerald,747,39,,jibrealfiaraz won by checkmate,300,,,,,2023-07-21T17:47:18+0000,blitz.pgn
5217299c-c9b4-4fbd-8e0a-a8955ebc2360,16,Live Chess,Chess.com,2023.07.16,-,jibrealfiaraz,Luckycest,1/2-1/2,785,,761,,,,draw,,draw,,0,,Game drawn by stalemate,300,,,,,2023-07-21T17:47:18+0000,blitz.pgn
df9bae88-cd8d-4c00-87b1-49341e3b0b5a,17,Live Chess,Chess.com,2023.07.16,-,jibrealfiaraz,dkanomaly,1-0,794,,800,,,,jibrealfiaraz,794,dkanomaly,800,-6,,jibrealfiaraz won on time,300,,,,,2023-07-21T17:47:18+0000,blitz.pgn
ac28113c-cf92-46cd-9703-b2134395a50a,18,Live Chess,Chess.com,2023.07.16,-,roller54,jibrealfiaraz,1-0,755,,785,,,,roller54,755,jibrealfiaraz,785,-30,,roller54 won by resignation,300,,,,,2023-07-21T17:47:18+0000,blitz.pgn
c33d4a17-be0a-4cd0-9706-0a1a108a7cf5,19,Live Chess,Chess.com,2023.07.16,-,alexlamoc,jibrealfiaraz,1-0,1151,,783,,,,alexlamoc,1151,jibrealfiaraz,783,368,,alexlamoc won by checkmate,300,,,,,2023-07-21T17:47:18+0000,blitz.pgn
ca1ab99a-de09-4e6c-91ae-8a9611061e52,20,Live Chess,Chess.com,2023.07.16,-,jibrealfiaraz,LukaHokejas,1-0,785,,437,,,,jibrealfiaraz,785,LukaHokejas,437,348,,jibrealfiaraz won by resignation,300,,,,,2023-07-21T17:47:18+0000,blitz.pgn
fdab947d-7055-4f08-91ad-559794d867c2,21,Live Chess,Chess.com,2023.07.16,-,jibrealfiaraz,omk20,0-1,783,,1082,,,,omk20,1082,jibrealfiaraz,783,299,,omk20 won by checkmate,300,,,,,2023-07-21T17:47:18+0000,blitz.pgn
57b9e980-8db7-4776-a134-0730b6242186,22,Live Chess,Chess.com,2023.07.16,-,janenajdov,jibrealfiaraz,0-1,1499,,799,,,,jibrealfiaraz,799,janenajdov,1499,-700,,jibrealfiaraz won by resignation,300,,,,,2023-07-21T17:47:18+0000,blitz.pgn
34e77b86-9fd2-406d-b372-040f9ed3849a,23,Live Chess,Chess.com,2023.07.16,-,jibrealfiaraz,Kakadjan,1/2-1/2,796,,642,,,,draw,,draw,,0,,Game drawn by repetition,180+2,,,,,2023-07-21T17:47:18+0000,blitz.pgn
666a9dd7-3f82-4fbf-8af0-203d1a26c79a,24,Live Chess,Chess.com,2023.07.16,-,AnthonyVillela,jibrealfiaraz,1-0,1006,,796,,,,AnthonyVillela,1006,jibrealfiaraz,796,210,,AnthonyVillela won by resignation,180,,,,,2023-07-21T17:47:18+0000,blitz.pgn
0b1cb99b-05ed-4c1f-9ac1-7ddea1cc036e,25,Live Chess,Chess.com,2023.07.16,-,jibrealfiaraz,Inamhlangabez,1-0,801,,662,,,,jibrealfiaraz,801,Inamhlangabez,662,139,,jibrealfiaraz won by resignation,300+2,,,,,2023-07-21T17:47:18+0000,blitz.pgn
f65232b2-d45a-4771-afe7-47988b6b2e37,26,Live Chess,Chess.com,2023.07.16,-,oyromeo,jibrealfiaraz,0-1,767,,808,,,,jibrealfiaraz,808,oyromeo,767,41,,jibrealfiaraz won by resignation,300+2,,,,,2023-07-21T17:47:18+0000,blitz.pgn
c1909017-46b4-45e1-a1a5-25734d10559c,27,Live Chess,Chess.com,2023.07.17,-,AVMatveev,jibrealfiaraz,0-1,494,,810,,,,jibrealfiaraz,810,AVMatveev,494,316,,jibrealfiaraz won - game abandoned,300+5,,,,,2023-07-21T17:47:18+0000,blitz.pgn
ff58385e-3e6d-458a-be88-8827d55e8794,28,Live Chess,Chess.com,2023.07.17,-,jibrealfiaraz,systemfaluire,0-1,803,,857,,,,systemfaluire,857,jibrealfiaraz,803,54,,systemfaluire won by resignation,300+5,,,,,2023-07-21T17:47:18+0000,blitz.pgn
4b583ae7-aa1b-498c-b382-2eedff0d2d26,29,Live Chess,Chess.com,2023.07.17,-,jibrealfiaraz,shivamsingla77,0-1,799,,976,,,,shivamsingla77,976,jibrealfiaraz,799,177,,shivamsingla77 won by resignation,300,,,,,2023-07-21T17:47:18+0000,blitz.pgn
7bcaa3fb-d9a3-48ec-ac9c-6d871e1bae49,30,Live Chess,Chess.com,2023.07.17,-,jibrealfiaraz,Ganter67,0-1,790,,759,,,,Ganter67,759,jibrealfiaraz,790,-31,,Ganter67 won by resignation,180,,,,,2023-07-21T17:47:18+0000,blitz.pgn
b03fa0b2-d5ef-45b9-a08a-c4f9c3c8693c,31,Live Chess,Chess.com,2023.07.17,-,jheloutv,jibrealfiaraz,0-1,748,,798,,,,jibrealfiaraz,798,jheloutv,748,50,,jibrealfiaraz won - game abandoned,180,,,,,2023-07-21T17:47:18+0000,blitz.pgn
c2b95b55-c056-49ff-b722-bc185db77eb2,32,Live Chess,Chess.com,2023.07.17,-,Flemster2,jibrealfiaraz,1-0,962,,793,,,,Flemster2,962,jibrealfiaraz,793,169,,Flemster2 won by checkmate,180,,,,,2023-07-21T17:47:18+0000,blitz.pgn
ff5d5b42-35c9-4272-9439-3b3ff5a23578,33,Live Chess,Chess.com,2023.07.17,-,jibrealfiaraz,DelphiRam,0-1,779,,419,,,,DelphiRam,419,jibrealfiaraz,779,-360,,DelphiRam won - game abandoned,180,,,,,2023-07-21T17:47:18+0000,blitz.pgn
3ddab2f7-ce35-4829-8532-ea5cf5d4c9ce,34,Live Chess,Chess.com,2023.07.17,-,jibrealfiaraz,krivijftig,1-0,785,,679,,,,jibrealfiaraz,785,krivijftig,679,106,,jibrealfiaraz won by checkmate,180,,,,,2023-07-21T17:47:18+0000,blitz.pgn
45c2ea8d-9882-41cc-b058-6303270608a9,35,Live Chess,Chess.com,2023.07.17,-,John_gwapi,jibrealfiaraz,0-1,442,,787,,,,jibrealfiaraz,787,John_gwapi,442,345,,jibrealfiaraz won by checkmate,180,,,,,2023-07-21T17:47:18+0000,blitz.pgn
d97f0dbf-70e5-4c6b-91a8-fa21f78a4d58,36,Live Chess,Chess.com,2023.07.17,-,jvtphi,jibrealfiaraz,1-0,722,,777,,,,jvtphi,722,jibrealfiaraz,777,-55,,jvtphi won by resignation,180,,,,,2023-07-21T17:47:18+0000,blitz.pgn
70910ce0-bce7-4b86-89e7-fc51f8935115,37,Live Chess,Chess.com,2023.07.17,-,jibrealfiaraz,DejanDordevic,1-0,785,,773,,,,jibrealfiaraz,785,DejanDordevic,773,12,,jibrealfiaraz won by resignation,180,,,,,2023-07-21T17:47:18+0000,blitz.pgn
c292cb5a-01c2-4847-8958-ee44cdba73ab,38,Live Chess,Chess.com,2023.07.17,-,jibrealfiaraz,Ricardo38303,1-0,798,,1040,,,,jibrealfiaraz,798,Ricardo38303,1040,-242,,jibrealfiaraz won by checkmate,180,,,,,2023-07-21T17:47:18+0000,blitz.pgn
c49fbf54-f112-4dcf-b127-e86b868fa658,39,Live Chess,Chess.com,2023.07.17,-,issy19881,jibrealfiaraz,0-1,742,,805,,,,jibrealfiaraz,805,issy19881,742,63,,jibrealfiaraz won by resignation,180,,,,,2023-07-21T17:47:18+0000,blitz.pgn
02631ca8-1b97-4094-b593-48da290a6d68,40,Live Chess,Chess.com,2023.07.17,-,jibrealfiaraz,orsopolare97,1-0,810,,647,,,,jibrealfiaraz,810,orsopolare97,647,163,,jibrealfiaraz won by checkmate,180,,,,,2023-07-21T17:47:18+0000,blitz.pgn
b2286f95-ccd3-4d4d-a354-a29219e97942,41,Live Chess,Chess.com,2023.07.17,-,jibrealfiaraz,Nikol70,1-0,819,,851,,,,jibrealfiaraz,819,Nikol70,851,-32,,jibrealfiaraz won on time,180,,,,,2023-07-21T17:47:18+0000,blitz.pgn
e924b430-5003-46cf-954c-8a170a3ca600,42,Live Chess,Chess.com,2023.07.17,-,tankhoa-2012,jibrealfiaraz,1-0,864,,812,,,,tankhoa-2012,864,jibrealfiaraz,812,52,,tankhoa-2012 won by checkmate,180,,,,,2023-07-21T17:47:18+0000,blitz.pgn
50bf1022-bfc9-414f-b3ac-7f7e2cd4d19f,43,Live Chess,Chess.com,2023.07.17,-,Giuloizzo,jibrealfiaraz,1/2-1/2,1038,,817,,,,draw,,draw,,0,,Game drawn - insufficient material,180,,,,,2023-07-21T17:47:18+0000,blitz.pgn
7ce07e69-8f49-4f91-9caa-bbbab3f28d8d,44,Live Chess,Chess.com,2023.07.17,-,tangissimo,jibrealfiaraz,0-1,525,,820,,,,jibrealfiaraz,820,tangissimo,525,295,,jibrealfiaraz won by resignation,180,,,,,2023-07-21T17:47:18+0000,blitz.pgn
6f5e93ec-825c-441b-b7b8-87f15ee5dcd2,45,Live Chess,Chess.com,2023.07.17,-,jibrealfiaraz,papak58,0-1,814,,915,,,,papak58,915,jibrealfiaraz,814,101,,papak58 won by resignation,180,,,,,2023-07-21T17:47:18+0000,blitz.pgn
95c4a0c4-d6fe-4a91-a2c9-3a5659ecc2c3,46,Live Chess,Chess.com,2023.07.17,-,jibrealfiaraz,adellllllll1234,1-0,826,,989,,,,jibrealfiaraz,826,adellllllll1234,989,-163,,jibrealfiaraz won - game abandoned,300+5,,,,,2023-07-21T17:47:18+0000,blitz.pgn
984941bb-0f4b-4257-8bd2-c9f1ee6ceb58,47,Live Chess,Chess.com,2023.07.17,-,oreshek110,jibrealfiaraz,1-0,1054,,823,,,,oreshek110,1054,jibrealfiaraz,823,231,,oreshek110 won by checkmate,180,,,,,2023-07-21T17:47:18+0000,blitz.pgn
09a2b9af-9da9-4bb2-9ed9-783e774968b9,48,Live Chess,Chess.com,2023.07.17,-,jibrealfiaraz,Mariupol77,0-1,815,,826,,,,Mariupol77,826,jibrealfiaraz,815,11,,Mariupol77 won on time,180,,,,,2023-07-21T17:47:18+0000,blitz.pgn
83adbfa9-0631-46f5-b3ac-254914a9c9fb,49,Live Chess,Chess.com,2023.07.17,-,amodkulkarni25,jibrealfiaraz,0-1,798,,823,,,,jibrealfiaraz,823,amodkulkarni25,798,25,,jibrealfiaraz won by checkmate,180,,,,,2023-07-21T17:47:18+0000,blitz.pgn
58958cbf-ec02-458a-8474-589fa9e8cfce,50,Live Chess,Chess.com,2023.07.17,-,jibrealfiaraz,BunniBabu,0-1,815,,821,,,,BunniBabu,821,jibrealfiaraz,815,6,,BunniBabu won by checkmate,180,,,,,2023-07-21T17:47:18+0000,blitz.pgn
a1e21db7-f506-4916-bd93-baf9706ac3ee,1,Live Chess,Chess.com,2023.07.09,-,jibrealfiaraz,azat180,0-1,798,,861,,,,azat180,861,jibrealfiaraz,798,63,,azat180 won by checkmate,180,,,,,2023-07-21T17:47:20+0000,blitz1.pgn
17df83b6-8398-46ee-b5eb-90511ac4667c,2,Live Chess,Chess.com,2023.07.09,-,Regazel,jibrealfiaraz,1-0,811,,790,,,,Regazel,811,jibrealfiaraz,790,21,,Regazel won by checkmate,180,,,,,2023-07-21T17:47:20+0000,blitz1.pgn
b003f01c-fdca-4ed1-8bae-22f140594c67,3,Live Chess,Chess.com,2023.07.09,-,jibrealfiaraz,andy251102,0-1,781,,771,,,,andy251102,771,jibrealfiaraz,781,-10,,andy251102 won by resignation,180,,,,,2023-07-21T17:47:20+0000,blitz1.pgn
cb25c5e3-72a9-445f-8c5f-bdb391a200bb,4,Live Chess,Chess.com,2023.07.09,-,jibrealfiaraz,amitnikam07,0-1,772,,748,,,,amitnikam07,748,jibrealfiaraz,772,-24,,amitnikam07 won by resignation,180,,,,,2023-07-21T17:47:20+0000,blitz1.pgn
a61206c7-0746-457c-a1b3-64af789898d8,5,Live Chess,Chess.com,2023.07.09,-,unaccattone,jibrealfiaraz,1-0,797,,764,,,,unaccattone,797,jibrealfiaraz,764,33,,unaccattone won on time,180,,,,,2023-07-21T17:47:20+0000,blitz1.pgn
aa86cfc4-7e38-4658-9d9e-b13d271658d8,6,Live Chess,Chess.com,2023.07.09,-,asl123456,jibrealfiaraz,1-0,745,,755,,,,asl123456,745,jibrealfiaraz,755,-10,,asl123456 won by resignation,180,,,,,2023-07-21T17:47:20+0000,blitz1.pgn
0ba95e56-8594-409a-8682-f586b5282c16,7,Live Chess,Chess.com,2023.07.09,-,Berch1991,jibrealfiaraz,1-0,1263,,755,,,,Berch1991,1263,jibrealfiaraz,755,508,,Berch1991 won by resignation,180,,,,,2023-07-21T17:47:20+0000,blitz1.pgn
1534408f-e9e8-4fbe-8f2f-7fc641c7307b,8,Live Chess,Chess.com,2023.07.09,-,matan97d,jibrealfiaraz,1-0,1490,,755,,,,matan97d,1490,jibrealfiaraz,755,735,,matan97d won by resignation,180,,,,,2023-07-21T17:47:20+0000,blitz1.pgn
e4e11b6a-b350-4bea-bfe6-c7447fba1710,9,Live Chess,Chess.com,2023.07.09,-,jibrealfiaraz,fiaraziqbal,1-0,755,,1171,,,,jibrealfiaraz,755,fiaraziqbal,1171,-416,,jibrealfiaraz won on time,180,,,,,2023-07-21T17:47:20+0000,blitz1.pgn
64ffd2df-3076-49ae-a3b7-70bc55af7c23,10,Live Chess,Chess.com,2023.07.09,-,fiaraziqbal,jibrealfiaraz,0-1,1171,,755,,,,jibrealfiaraz,755,fiaraziqbal,1171,-416,,jibrealfiaraz won on time,180,,,,,2023-07-21T17:47:20+0000,blitz1.pgn
5608c237-2bcc-410f-91f3-3e54f967826a,11,Live Chess,Chess.com,2023.07.09,-,jibrealfiaraz,fiaraziqbal,1-0,755,,1171,,,,jibrealfiaraz,755,fiaraziqbal,1171,-416,,jibrealfiaraz won by checkmate,180,,,,,2023-07-21T17:47:20+0000,blitz1.pgn
c837b5cd-430c-45ed-abb2-2cc60cc80035,12,Live Chess,Chess.com,2023.07.09,-,jibrealfiaraz,dylandesilva,1-0,757,,452,,,,jibrealfiaraz,757,dylandesilva,452,305,,jibrealfiaraz won on time,180,,,,,2023-07-21T17:47:20+0000,blitz1.pgn
f697737b-1ab3-4e7a-a74a-a9a862048a53,13,Live Chess,Chess.com,2023.07.09,-,Realcrh,jibrealfiaraz,1-0,779,,749,,,,Realcrh,779,jibrealfiaraz,749,30,,Realcrh won by checkmate,180,,,,,2023-07-21T17:47:20+0000,blitz1.pgn
c74c05f3-3ee3-45b6-9d6f-b503b5c55e5c,14,Live Chess,Chess.com,2023.07.09,-,aniket_1104,jibrealfiaraz,1-0,704,,740,,,,aniket_1104,704,jibrealfiaraz,740,-36,,aniket_1104 won on time,180,,,,,2023-07-21T17:47:20+0000,blitz1.pgn
54a6996f-dba7-4598-88fe-c918f0cfa12c,15,Live Chess,Chess.com,2023.07.09,-,azules77,jibrealfiaraz,1-0,735,,732,,,,azules77,735,jibrealfiaraz,732,3,,azules77 won by checkmate,180,,,,,2023-07-21T17:47:20+0000,blitz1.pgn
dc70cd36-4b7b-4768-a973-caaced12c6f6,16,Live Chess,Chess.com,2023.07.09,-,jibrealfiaraz,The_Ultimate_Crusher,1-0,739,,684,,,,jibrealfiaraz,739,The_Ultimate_Crusher,684,55,,jibrealfiaraz won by checkmate,300,,,,,2023-07-21T17:47:20+0000,blitz1.pgn
84f2cb66-701f-4f57-a48c-8c5c4da6f697,17,Live Chess,Chess.com,2023.07.09,-,lysybanan,jibrealfiaraz,1-0,732,,731,,,,lysybanan,732,jibrealfiaraz,731,1,,lysybanan won by resignation,180,,,,,2023-07-21T17:47:20+0000,blitz1.pgn
8b45aa36-2c8f-46ea-9b61-837a371733d3,18,Live Chess,Chess.com,2023.07.10,-,jibrealfiaraz,SzefMafiiPolskiej,0-1,731,,2276,,,,SzefMafiiPolskiej,2276,jibrealfiaraz,731,1545,,SzefMafiiPolskiej won on time,180,,,,,2023-07-21T17:47:20+0000,blitz1.pgn
02e31a95-04a9-4992-a57c-80f30bfe3c10,19,Live Chess,Chess.com,2023.07.10,-,jibrealfiaraz,Alexey030677,1/2-1/2,731,,729,,,,draw,,draw,,0,,Game drawn - timeout vs insufficient material,180,,,,,2023-07-21T17:47:21+0000,blitz1.pgn
102db1f2-d2ac-4848-89a6-83d8ce877be1,20,Live Chess,Chess.com,2023.07.10,-,Ummmmmmmmh,jibrealfiaraz,0-1,751,,740,,,,jibrealfiaraz,740,Ummmmmmmmh,751,-11,,jibrealfiaraz won by resignation,180,,,,,2023-07-21T17:47:21+0000,blitz1.pgn
99723a6f-4246-470f-b595-0b51149c607a,21,Live Chess,Chess.com,2023.07.10,-,jibrealfiaraz,AR054,0-1,732,,741,,,,AR054,741,jibrealfiaraz,732,9,,AR054 won by resignation,180,,,,,2023-07-21T17:47:21+0000,blitz1.pgn
375c7456-ad09-43f0-b336-0786195a4170,22,Live Chess,Chess.com,2023.07.10,-,jibrealfiaraz,migami00,0-1,724,,760,,,,migami00,760,jibrealfiaraz,724,36,,migami00 won by resignation,180,,,,,2023-07-21T17:47:21+0000,blitz1.pgn
02e8f1a8-f1d7-4290-a6ef-edfe689270d4,23,Live Chess,Chess.com,2023.07.10,-,DonRamon6397,jibrealfiaraz,0-1,708,,732,,,,jibrealfiaraz,732,DonRamon6397,708,24,,jibrealfiaraz won by checkmate,180,,,,,2023-07-21T17:47:21+0000,blitz1.pgn
46f117c8-88d8-462f-8168-4fe24e97dce0,24,Live Chess,Chess.com,2023.07.10,-,Sersch7,jibrealfiaraz,1-0,729,,724,,,,Sersch7,729,jibrealfiaraz,724,5,,Sersch7 won by resignation,180,,,,,2023-07-21T17:47:21+0000,blitz1.pgn
3be6de6c-9ef3-4136-b1f4-90527fc08d88,25,Live Chess,Chess.com,2023.07.10,-,jibrealfiaraz,bashirkiani512,1-0,732,,731,,,,jibrealfiaraz,732,bashirkiani512,731,1,,jibrealfiaraz won on time,180,,,,,2023-07-21T17:47:21+0000,blitz1.pgn
24ec621f-8118-44c5-9057-685b783ff185,26,Live Chess,Chess.com,2023.07.10,-,nklucky,jibrealfiaraz,1-0,741,,724,,,,nklucky,741,jibrealfiaraz,724,17,,nklucky won by checkmate,180,,,,,2023-07-21T17:47:21+0000,blitz1.pgn
07f45b44-fe01-455a-af2c-cfae29ce5fcd,27,Live Chess,Chess.com,2023.07.10,-,jibrealfiaraz,insanabi1999,1-0,732,,727,,,,jibrealfiaraz,732,insanabi1999,727,5,,jibrealfiaraz won by checkmate,180,,,,,2023-07-21T17:47:21+0000,blitz1.pgn
64517985-d7d6-4760-bd4d-434ea34d21ab,28,Live Chess,Chess.com,2023.07.10,-,DangSkippy,jibrealfiaraz,0-1,708,,740,,,,jibrealfiaraz,740,DangSkippy,708,32,,jibrealfiaraz won by resignation,180,,,,,2023-07-21T17:47:21+0000,blitz1.pgn
d5a40c87-772c-4ff8-82b6-6a674395e158,29,Live Chess,Chess.com,2023.07.10,-,jibrealfiaraz,OneOfTheGamesOfAllTime,1/2-1/2,741,,782,,,,draw,,draw,,0,,Game drawn by repetition,180,,,,,2023-07-21T17:47:21+0000,blitz1.pgn
cd2c8c92-7f1b-4672-9b3a-380ad7f86887,30,Live Chess,Chess.com,2023.07.10,-,Irene1945,jibrealfiaraz,0-1,688,,748,,,,jibrealfiaraz,748,Irene1945,688,60,,jibrealfiaraz won by checkmate,180,,,,,2023-07-21T17:47:21+0000,blitz1.pgn
fd614625-c327-41a9-b3ea-fcb2b6e322c8,31,Live Chess,Chess.com,2023.07.10,-,jibrealfiaraz,jamesappu1212,0-1,740,,754,,,,jamesappu1212,754,jibrealfiaraz,740,14,,jamesappu1212 won by resignation,180,,,,,2023-07-21T17:47:21+0000,blitz1.pgn
04e33589-0a91-46bf-a5d2-2fb555adea5b,32,Live Chess,Chess.com,2023.07.10,-,jibrealfiaraz,stoneboy999,1-0,747,,688,,,,jibrealfiaraz,747,stoneboy999,688,59,,jibrealfiaraz won by resignation,180,,,,,2023-07-21T17:47:21+0000,blitz1.pgn
a1206d87-95dd-4251-b40f-7e5fff87f3d9,33,Live Chess,Chess.com,2023.07.10,-,jibrealfiaraz,Erik121212,0-1,740,,791,,,,Erik121212,791,jibrealfiaraz,740,51,,Erik121212 won by checkmate,180,,,,,2023-07-21T17:47:21+0000,blitz1.pgn
b39aac0a-1a15-47f6-a234-65f3f987e43f,34,Live Chess,Chess.com,2023.07.10,-,xpeh1bam,jibrealfiaraz,0-1,731,,748,,,,jibrealfiaraz,748,xpeh1bam,731,17,,jibrealfiaraz won by checkmate,180,,,,,2023-07-21T17:47:21+0000,blitz1.pgn
ac47cc12-aa3d-4422-a7d5-e78132717941,35,Live Chess,Chess.com,2023.07.10,-,tomo_2801,jibrealfiaraz,1-0,731,,739,,,,tomo_2801,731,jibrealfiaraz,739,-8,,tomo_2801 won by resignation,300,,,,,2023-07-21T17:47:21+0000,blitz1.pgn
26454a45-cf27-47b0-86ae-3ec4aa3ab5ab,36,Live Chess,Chess.com,2023.07.10,-,jibrealfiaraz,unst044,1-0,743,,569,,,,jibrealfiaraz,743,unst044,569,174,,jibrealfiaraz won by resignation,300,,,,,2023-07-21T17:47:21+0000,blitz1.pgn
db590d33-87f4-426b-a4b2-f079ff197424,37,Live Chess,Chess.com,2023.07.10,-,KOONTOO,jibrealfiaraz,1-0,1041,,741,,,,KOONTOO,1041,jibrealfiaraz,741,300,,KOONTOO won on time,300,,,,,2023-07-21T17:47:21+0000,blitz1.pgn
041b8f36-ca52-4984-a338-418a4889ab7a,38,Live Chess,Chess.com,2023.07.10,-,jhanjhariya00,jibrealfiaraz,0-1,666,,748,,,,jibrealfiaraz,748,jhanjhariya00,666,82,,jibrealfiaraz won by checkmate,300,,,,,2023-07-21T17:47:21+0000,blitz1.pgn
ca2356de-0b9e-4674-a25a-96ede3d78583,39,Live Chess,Chess.com,2023.07.10,-,very_brocc,jibrealfiaraz,0-1,788,,757,,,,jibrealfiaraz,757,very_brocc,788,-31,,jibrealfiaraz won on time,300,,,,,2023-07-21T17:47:21+0000,blitz1.pgn
7be0fb33-1bbc-40cf-84bf-3b15ae22ec6c,40,Live Chess,Chess.com,2023.07.10,-,jibrealfiaraz,alvaropoquechoque,0-1,750,,818,,,,alvaropoquechoque,818,jibrealfiaraz,750,68,,alvaropoquechoque won by checkmate,300,,,,,2023-07-21T17:47:21+0000,blitz1.pgn
63a4604d-8f4d-4820-9e49-7ffa1dbe7a60,41,Live Chess,Chess.com,2023.07.11,-,jibrealfiaraz,itsreneee,1-0,751,,240,,,,jibrealfiaraz,751,itsreneee,240,511,,jibrealfiaraz won by checkmate,180+2,,,,,2023-07-21T17:47:21+0000,blitz1.pgn
bee9d920-42ca-46a4-a393-be7198062e3f,42,Live Chess,Chess.com,2023.07.11,-,DiosaA,jibrealfiaraz,0-1,966,,764,,,,jibrealfiaraz,764,DiosaA,966,-202,,jibrealfiaraz won by resignation,180+2,,,,,2023-07-21T17:47:21+0000,blitz1.pgn
759df4ec-6210-47e6-9d23-e99d2aa987ef,43,Live Chess,Chess.com,2023.07.11,-,jibrealfiaraz,Pepperonium,0-1,753,,639,,,,Pepperonium,639,jibrealfiaraz,753,-114,,Pepperonium won by checkmate,180+2,,,,,2023-07-21T17:47:21+0000,blitz1.pgn
5a2aebef-9550-4b97-970c-f214fdb8e689,44,Live Chess,Chess.com,2023.07.11,-,jibrealfiaraz,NgKien94,1-0,764,,895,,,,jibrealfiaraz,764,NgKien94,895,-131,,jibrealfiaraz won - game abandoned,180+2,,,,,2023-07-21T17:47:21+0000,blitz1.pgn
07ec9915-5c86-4d7f-b1ad-190dc40a490b,45,Live Chess,Chess.com,2023.07.11,-,JosephGAMER34,jibrealfiaraz,0-1,383,,767,,,,jibrealfiaraz,767,JosephGAMER34,383,384,,jibrealfiaraz won by checkmate,180+2,,,,,2023-07-21T17:47:21+0000,blitz1.pgn
fcc328f0-86cc-4808-b56f-2d7fda6515b0,46,Live Chess,Chess.com,2023.07.11,-,JM34aa,jibrealfiaraz,1-0,486,,754,,,,JM34aa,486,jibrealfiaraz,754,-268,,JM34aa won by resignation,180+2,,,,,2023-07-21T17:47:21+0000,blitz1.pgn
27ff5b20-a1ad-4513-b41f-c1f04bb84eb3,47,Live Chess,Chess.com,2023.07.11,-,jibrealfiaraz,ahmedWael21,0-1,746,,766,,,,ahmedWael21,766,jibrealfiaraz,746,20,,ahmedWael21 won by checkmate,180,,,,,2023-07-21T17:47:21+0000,blitz1.pgn
9fd078ef-9761-438c-ac54-45590636c671,48,Live Chess,Chess.com,2023.07.11,-,jibrealfiaraz,TeachMePlzNo,0-1,746,,613,,,,TeachMePlzNo,613,jibrealfiaraz,746,-133,,TeachMePlzNo won by resignation,180,,,,,2023-07-21T17:47:21+0000,blitz1.pgn
016b8d9e-c2d9-4e19-a57b-63680238a428,49,Live Chess,Chess.com,2023.07.12,-,EldarCobra,jibrealfiaraz,0-1,787,,755,,,,jibrealfiaraz,755,EldarCobra,787,-32,,jibrealfiaraz won - game abandoned,180,,,,,2023-07-21T17:47:21+0000,blitz1.pgn
2402527f-3466-4226-996f-c0ca460523ea,50,Live Chess,Chess.com,2023.07.12,-,SirAr7,jibrealfiaraz,0-1,802,,764,,,,jibrealfiaraz,764,SirAr7,802,-38,,jibrealfiaraz won by checkmate,180,,,,,2023-07-21T17:47:21+0000,blitz1.pgn
4475350d-e37d-4e97-b90c-6c7ac1f92255,1,Live Chess,Chess.com,2023.06.28,-,jibrealfiaraz,fiaraziqbal,0-1,717,,1162,,,,fiaraziqbal,1162,jibrealfiaraz,717,445,,fiaraziqbal won by checkmate,180,,,,,2023-07-21T17:47:24+0000,blitz2.pgn
2373be0a-05a3-4ab9-bfee-3448d7205f67,2,Live Chess,Chess.com,2023.06.29,-,fiaraziqbal,jibrealfiaraz,1-0,1176,,717,,,,fiaraziqbal,1176,jibrealfiaraz,717,459,,fiaraziqbal won by resignation,180,,,,,2023-07-21T17:47:24+0000,blitz2.pgn
08803f69-ca6d-4c16-a924-9d1cef2c3582,3,Live Chess,Chess.com,2023.06.29,-,jibrealfiaraz,fiaraziqbal,0-1,717,,1176,,,,fiaraziqbal,1176,jibrealfiaraz,717,459,,fiaraziqbal won by resignation,180,,,,,2023-07-21T17:47:24+0000,blitz2.pgn
edca555e-3db7-422f-962e-75068ef8cc7a,4,Live Chess,Chess.com,2023.06.29,-,fiaraziqbal,jibrealfiaraz,1-0,1176,,717,,,,fiaraziqbal,1176,jibrealfiaraz,717,459,,fiaraziqbal won by checkmate,180,,,,,2023-07-21T17:47:24+0000,blitz2.pgn
6bbdf35a-2c15-42ba-a1af-794256b327b9,5,Live Chess,Chess.com,2023.06.29,-,paritosh_7,jibrealfiaraz,0-1,697,,725,,,,jibrealfiaraz,725,paritosh_7,697,28,,jibrealfiaraz won by checkmate,180,,,,,2023-07-21T17:47:24+0000,blitz2.pgn
9ac181e4-43a0-4752-8772-70e69c61cdcb,6,Live Chess,Chess.com,2023.06.30,-,jibrealfiaraz,manatha,1/2-1/2,725,,723,,,,draw,,draw,,0,,Game drawn - insufficient material,180+2,,,,,2023-07-21T17:47:24+0000,blitz2.pgn
8b6e2f89-eb11-4394-be9c-574643499403,7,Live Chess,Chess.com,2023.06.30,-,jibrealfiaraz,vinayp98,1-0,736,,812,,,,jibrealfiaraz,736,vinayp98,812,-76,,jibrealfiaraz won on time,180+2,,,,,2023-07-21T17:47:24+0000,blitz2.pgn
7b6b26b4-c814-47c5-9dc1-d2fcac1d1aff,8,Live Chess,Chess.com,2023.06.30,-,Armagediton,jibrealfiaraz,0-1,712,,744,,,,jibrealfiaraz,744,Armagediton,712,32,,jibrealfiaraz won - game abandoned,180+2,,,,,2023-07-21T17:47:24+0000,blitz2.pgn
a3a3d02a-5a47-43ce-b68f-902cd53dc446,9,Live Chess,Chess.com,2023.06.30,-,leo01chris,jibrealfiaraz,0-1,575,,749,,,,jibrealfiaraz,749,leo01chris,575,174,,jibrealfiaraz won by checkmate,180+2,,,,,2023-07-21T17:47:24+0000,blitz2.pgn
ebe5cf60-60c6-45ac-97c0-fc9e19f26536,10,Live Chess,Chess.com,2023.06.30,-,jibrealfiaraz,MiIg_94,1/2-1/2,755,,1098,,,,draw,,draw,,0,,Game drawn by stalemate,180+2,,,,,2023-07-21T17:47:24+0000,blitz2.pgn
f2a85ade-e61b-4ef6-abd3-83eef75f130c,11,Live Chess,Chess.com,2023.06.30,-,jibrealfiaraz,notgood9999,1-0,768,,993,,,,jibrealfiaraz,768,notgood9999,993,-225,,jibrealfiaraz won on time,180+2,,,,,2023-07-21T17:47:24+0000,blitz2.pgn
5fc25ffd-2d30-4f09-8fe7-98ab7d3cd4fc,12,Live Chess,Chess.com,2023.06.30,-,jibrealfiaraz,notexpert420,0-1,760,,793,,,,notexpert420,793,jibrealfiaraz,760,33,,notexpert420 won by checkmate,180+2,,,,,2023-07-21T17:47:24+0000,blitz2.pgn
7d5a3049-9de2-4e1c-9316-177dda6d1b0e,13,Live Chess,Chess.com,2023.06.30,-,Shah7967,jibrealfiaraz,1-0,945,,756,,,,Shah7967,945,jibrealfiaraz,756,189,,Shah7967 won by checkmate,180+2,,,,,2023-07-21T17:47:24+0000,blitz2.pgn
ce500ff4-242d-48cc-95ce-f49addecb604,14,Live Chess,Chess.com,2023.06.30,-,jibrealfiaraz,fiaraziqbal,1-0,756,,1176,,,,jibrealfiaraz,756,fiaraziqbal,1176,-420,,jibrealfiaraz won on time,180,,,,,2023-07-21T17:47:24+0000,blitz2.pgn
23a1dca7-416b-439d-940f-1f624697a547,15,Live Chess,Chess.com,2023.06.30,-,fiaraziqbal,jibrealfiaraz,1-0,1176,,756,,,,fiaraziqbal,1176,jibrealfiaraz,756,420,,fiaraziqbal won by resignation,180,,,,,2023-07-21T17:47:24+0000,blitz2.pgn
6a3cef24-6908-4282-9b55-08362dc31090,16,Live Chess,Chess.com,2023.07.02,-,jibrealfiaraz,fiaraziqbal,0-1,756,,1179,,,,fiaraziqbal,1179,jibrealfiaraz,756,423,,fiaraziqbal won by resignation,180,,,,,2023-07-21T17:47:24+0000,blitz2.pgn
1886838a-f228-4122-b081-48911633a170,17,Live Chess,Chess.com,2023.07.02,-,fiaraziqbal,jibrealfiaraz,1-0,1179,,756,,,,fiaraziqbal,1179,jibrealfiaraz,756,423,,fiaraziqbal won by checkmate,180,,,,,2023-07-21T17:47:24+0000,blitz2.pgn
7dff8c75-964a-4598-b22f-526b9c939e4d,18,Live Chess,Chess.com,2023.07.02,-,jibrealfiaraz,fiaraziqbal,1-0,756,,1179,,,,jibrealfiaraz,756,fiaraziqbal,1179,-423,,jibrealfiaraz won on time,180,,,,,2023-07-21T17:47:24+0000,blitz2.pgn
2ef37895-f6f8-4bb2-9ef6-9a317e108557,19,Live Chess,Chess.com,2023.07.03,-,fiaraziqbal,jibrealfiaraz,1-0,1179,,756,,,,fiaraziqbal,1179,jibrealfiaraz,756,423,,fiaraziqbal won by resignation,180,,,,,2023-07-21T17:47:24+0000,blitz2.pgn
265984ba-ce8c-48c5-b299-ccf8fb7ff8b8,20,Live Chess,Chess.com,2023.07.03,-,jibrealfiaraz,fiaraziqbal,0-1,756,,1179,,,,fiaraziqbal,1179,jibrealfiaraz,756,423,,fiaraziqbal won by resignation,180,,,,,2023-07-21T17:47:24+0000,blitz2.pgn
40dad385-4705-442a-984a-47e1502e4223,21,Live Chess,Chess.com,2023.07.04,-,K1llth3f1sh,jibrealfiaraz,1-0,1101,,756,,,,K1llth3f1sh,1101,jibrealfiaraz,756,345,,K1llth3f1sh won by resignation,180,,,,,2023-07-21T17:47:24+0000,blitz2.pgn
1c4e72c7-1247-4c93-a4ba-c7a9b14eaa3a,22,Live Chess,Chess.com,2023.07.04,-,fiaraziqbal,jibrealfiaraz,1-0,1179,,756,,,,fiaraziqbal,1179,jibrealfiaraz,756,423,,fiaraziqbal won by checkmate,180,,,,,2023-07-21T17:47:24+0000,blitz2.pgn
53c64aea-ab0e-40d1-be1f-f204506ba2ed,23,Live Chess,Chess.com,2023.07.04,-,jibrealfiaraz,fiaraziqbal,0-1,756,,1179,,,,fiaraziqbal,1179,jibrealfiaraz,756,423,,fiaraziqbal won by resignation,180,,,,,2023-07-21T17:47:24+0000,blitz2.pgn
29de51c6-bb79-427c-a3f6-2561305a214d,24,Live Chess,Chess.com,2023.07.04,-,fiaraziqbal,jibrealfiaraz,1-0,1179,,756,,,,fiaraziqbal,1179,jibrealfiaraz,756,423,,fiaraziqbal won by resignation,180,,,,,2023-07-21T17:47:24+0000,blitz2.pgn
3169d655-b342-4c2d-a705-11f6c73958ca,25,Live Chess,Chess.com,2023.07.04,-,jibrealfiaraz,fiaraziqbal,0-1,756,,1179,,,,fiaraziqbal,1179,jibrealfiaraz,756,423,,fiaraziqbal won by resignation,180,,,,,2023-07-21T17:47:24+0000,blitz2.pgn
3495cdfe-bbe4-47e6-8bbb-5c9864803ab6,26,Live Chess,Chess.com,2023.07.04,-,fiaraziqbal,jibrealfiaraz,1-0,1179,,756,,,,fiaraziqbal,1179,jibrealfiaraz,756,423,,fiaraziqbal won by checkmate,180,,,,,2023-07-21T17:47:24+0000,blitz2.pgn
ed6cc965-1d13-4386-83e0-98a565a31030,27,Live Chess,Chess.com,2023.07.04,-,jibrealfiaraz,fiaraziqbal,0-1,756,,1179,,,,fiaraziqbal,1179,jibrealfiaraz,756,423,,fiaraziqbal won by resignation,180,,,,,2023-07-21T17:47:24+0000,blitz2.pgn
fd78d22c-ba0b-4064-8579-09fd7e826b23,28,Live Chess,Chess.com,2023.07.05,-,fiaraziqbal,jibrealfiaraz,1-0,1179,,756,,,,fiaraziqbal,1179,jibrealfiaraz,756,423,,fiaraziqbal won by checkmate,180,,,,,2023-07-21T17:47:24+0000,blitz2.pgn
4c9e1bd9-eae7-4d91-8d21-777fab538df3,29,Live Chess,Chess.com,2023.07.05,-,jibrealfiaraz,fiaraziqbal,0-1,756,,1179,,,,fiaraziqbal,1179,jibrealfiaraz,756,423,,fiaraziqbal won by resignation,180,,,,,2023-07-21T17:47:24+0000,blitz2.pgn
293d2b7c-6aa5-4646-a527-85662ea6c494,30,Live Chess,Chess.com,2023.07.05,-,fiaraziqbal,jibrealfiaraz,0-1,1179,,756,,,,jibrealfiaraz,756,fiaraziqbal,1179,-423,,jibrealfiaraz won on time,180,,,,,2023-07-21T17:47:24+0000,blitz2.pgn
95b5403a-c9e0-420b-8092-ae021c701acc,31,Live Chess,Chess.com,2023.07.05,-,jibrealfiaraz,fiaraziqbal,0-1,756,,1179,,,,fiaraziqbal,1179,jibrealfiaraz,756,423,,fiaraziqbal won by resignation,180,,,,,2023-07-21T17:47:24+0000,blitz2.pgn
3551e026-3a99-497a-bf36-2bc74e6536be,32,Live Chess,Chess.com,2023.07.05,-,Edu_Brain,jibrealfiaraz,0-1,718,,763,,,,jibrealfiaraz,763,Edu_Brain,718,45,,jibrealfiaraz won - game abandoned,180,,,,,2023-07-21T17:47:24+0000,blitz2.pgn
f635afae-48b9-49ba-a025-63b140024846,33,Live Chess,Chess.com,2023.07.05,-,Konta_rutu,jibrealfiaraz,1-0,745,,754,,,,Konta_rutu,745,jibrealfiaraz,754,-9,,Konta_rutu won by checkmate,180,,,,,2023-07-21T17:47:24+0000,blitz2.pgn
27c309ec-572c-42f8-882d-d4679b3e4497,34,Live Chess,Chess.com,2023.07.05,-,jibrealfiaraz,pkchess05,1-0,756,,446,,,,jibrealfiaraz,756,pkchess05,446,310,,jibrealfiaraz won by checkmate,180,,,,,2023-07-21T17:47:24+0000,blitz2.pgn
6aa2eb31-ef7e-416f-ba61-4a6dcf4c220d,35,Live Chess,Chess.com,2023.07.05,-,JackMwape,jibrealfiaraz,0-1,1022,,769,,,,jibrealfiaraz,769,JackMwape,1022,-253,,jibrealfiaraz won by resignation,180,,,,,2023-07-21T17:47:24+0000,blitz2.pgn
ddadb2af-a661-417b-a790-20c06a02cc54,36,Live Chess,Chess.com,2023.07.05,-,jibrealfiaraz,brook_012,1-0,779,,865,,,,jibrealfiaraz,779,brook_012,865,-86,,jibrealfiaraz won by resignation,180,,,,,2023-07-21T17:47:24+0000,blitz2.pgn
3a3d7bb5-ae5a-47ae-84b6-acba762c94fa,37,Live Chess,Chess.com,2023.07.06,-,fiaraziqbal,jibrealfiaraz,1-0,1171,,779,,,,fiaraziqbal,1171,jibrealfiaraz,779,392,,fiaraziqbal won by resignation,180,,,,,2023-07-21T17:47:24+0000,blitz2.pgn
98a79a8b-76a1-4290-a746-1f36eda30881,38,Live Chess,Chess.com,2023.07.07,-,jibrealfiaraz,pumpkinJack06,1-0,789,,850,,,,jibrealfiaraz,789,pumpkinJack06,850,-61,,jibrealfiaraz won by checkmate,180,,,,,2023-07-21T17:47:24+0000,blitz2.pgn
090635bd-c6db-4d17-8b48-486b424f6b50,39,Live Chess,Chess.com,2023.07.07,-,jibrealfiaraz,bazlothbrok,1-0,798,,814,,,,jibrealfiaraz,798,bazlothbrok,814,-16,,jibrealfiaraz won - game abandoned,180,,,,,2023-07-21T17:47:24+0000,blitz2.pgn
565957ed-0bd3-410b-a940-950cfabe8688,40,Live Chess,Chess.com,2023.07.07,-,SonofThunder777,jibrealfiaraz,0-1,746,,805,,,,jibrealfiaraz,805,SonofThunder777,746,59,,jibrealfiaraz won by resignation,180,,,,,2023-07-21T17:47:24+0000,blitz2.pgn
59ef42cc-95fd-481d-bfec-0fa597a2fc25,41,Live Chess,Chess.com,2023.07.07,-,jibrealfiaraz,winzston,0-1,798,,835,,,,winzston,835,jibrealfiaraz,798,37,,winzston won on time,180,,,,,2023-07-21T17:47:24+0000,blitz2.pgn
25d0e73f-1dd2-4357-a32a-c2f67d21fdf4,42,Live Chess,Chess.com,2023.07.07,-,jibrealfiaraz,Paoli24,1-0,806,,780,,,,jibrealfiaraz,806,Paoli24,780,26,,jibrealfiaraz won by resignation,180,,,,,2023-07-21T17:47:24+0000,blitz2.pgn
713b9c98-6bec-4b59-b5d2-7c278d3e6b01,43,Live Chess,Chess.com,2023.07.07,-,Rom090775,jibrealfiaraz,1-0,803,,798,,,,Rom090775,803,jibrealfiaraz,798,5,,Rom090775 won on time,180,,,,,2023-07-21T17:47:24+0000,blitz2.pgn
194838e7-4bf4-4b6b-b2df-ba162a287300,44,Live Chess,Chess.com,2023.07.07,-,jibrealfiaraz,fiaraziqbal,0-1,798,,1171,,,,fiaraziqbal,1171,jibrealfiaraz,798,373,,fiaraziqbal won by resignation,180,,,,,2023-07-21T17:47:24+0000,blitz2.pgn
69346dfd-9943-4d90-8a62-2e9861ac6113,45,Live Chess,Chess.com,2023.07.07,-,fiaraziqbal,jibrealfiaraz,0-1,1171,,798,,,,jibrealfiaraz,798,fiaraziqbal,1171,-373,,jibrealfiaraz won by checkmate,180,,,,,2023-07-21T17:47:24+0000,blitz2.pgn
4825e302-869b-47c0-aa5b-59806b4caa6f,46,Live Chess,Chess.com,2023.07.07,-,jibrealfiaraz,fiaraziqbal,0-1,798,,1171,,,,fiaraziqbal,1171,jibrealfiaraz,798,373,,fiaraziqbal won by checkmate,180,,,,,2023-07-21T17:47:24+0000,blitz2.pgn
ce30c524-a7a8-4e1f-8831-477c099298e8,47,Live Chess,Chess.com,2023.07.07,-,fiaraziqbal,jibrealfiaraz,1-0,1171,,798,,,,fiaraziqbal,1171,jibrealfiaraz,798,373,,fiaraziqbal won by resignation,180,,,,,2023-07-21T17:47:24+0000,blitz2.pgn
1df15f6d-b966-4100-90a6-d50ab3cc852d,48,Live Chess,Chess.com,2023.07.08,-,jibrealfiaraz,fiaraziqbal,0-1,798,,1171,,,,fiaraziqbal,1171,jibrealfiaraz,798,373,,fiaraziqbal won by checkmate,180,,,,,2023-07-21T17:47:24+0000,blitz2.pgn
d00e7cea-85a9-469e-8cba-c55a40176f30,49,Live Chess,Chess.com,2023.07.08,-,fiaraziqbal,jibrealfiaraz,1-0,1171,,798,,,,fiaraziqbal,1171,jibrealfiaraz,798,373,,fiaraziqbal won by checkmate,180,,,,,2023-07-21T17:47:24+0000,blitz2.pgn
56a42ec4-0292-4303-b3a4-7b26ba21ad04,50,Live Chess,Chess.com,2023.07.09,-,kiraly777,jibrealfiaraz,0-1,764,,805,,,,jibrealfiaraz,805,kiraly777,764,41,,jibrealfiaraz won - game abandoned,180,,,,,2023-07-21T17:47:24+0000,blitz2.pgn
5ed01cbc-d3ff-4e23-b754-c8e0ae1a67fa,1,Live Chess,Chess.com,2023.06.23,-,namandwivedi,jibrealfiaraz,0-1,705,,645,,,,jibrealfiaraz,645,namandwivedi,705,-60,,jibrealfiaraz won by checkmate,180,,,,,2023-07-21T17:47:27+0000,blitz3.pgn
4dec76ff-e366-4a7f-840e-9867c4f19b63,2,Live Chess,Chess.com,2023.06.23,-,moneypack,jibrealfiaraz,0-1,541,,651,,,,jibrealfiaraz,651,moneypack,541,110,,jibrealfiaraz won by checkmate,180,,,,,2023-07-21T17:47:27+0000,blitz3.pgn
1c1ad0a7-2991-4d85-9e1b-93b8685cf921,3,Live Chess,Chess.com,2023.06.23,-,A_Flash000,jibrealfiaraz,0-1,487,,656,,,,jibrealfiaraz,656,A_Flash000,487,169,,jibrealfiaraz won on time,180,,,,,2023-07-21T17:47:27+0000,blitz3.pgn
2ba972b0-b739-4218-9380-b89a0adcbab3,4,Live Chess,Chess.com,2023.06.23,-,jibrealfiaraz,sertan5454,1/2-1/2,658,,745,,,,draw,,draw,,0,,Game drawn - insufficient material,180,,,,,2023-07-21T17:47:27+0000,blitz3.pgn
7a39b6b6-c214-42c0-8ad0-3980796344ca,5,Live Chess,Chess.com,2023.06.23,-,Tirante,jibrealfiaraz,0-1,677,,667,,,,jibrealfiaraz,667,Tirante,677,-10,,jibrealfiaraz won on time,180,,,,,2023-07-21T17:47:27+0000,blitz3.pgn
063477db-c985-40c9-b34d-fb2169d2c532,6,Live Chess,Chess.com,2023.06.23,-,VladimirLvovich,jibrealfiaraz,1-0,841,,663,,,,VladimirLvovich,841,jibrealfiaraz,663,178,,VladimirLvovich won by checkmate,180,,,,,2023-07-21T17:47:27+0000,blitz3.pgn
1993ce75-b1c9-47d8-a056-04c1f63269f2,7,Live Chess,Chess.com,2023.06.23,-,jibrealfiaraz,yusufpratikno,1-0,666,,435,,,,jibrealfiaraz,666,yusufpratikno,435,231,,jibrealfiaraz won - game abandoned,180,,,,,2023-07-21T17:47:27+0000,blitz3.pgn
566515a2-aace-4b87-81f4-bef30e18cebc,8,Live Chess,Chess.com,2023.06.23,-,Kreuzheben,jibrealfiaraz,1-0,1054,,664,,,,Kreuzheben,1054,jibrealfiaraz,664,390,,Kreuzheben won by checkmate,180,,,,,2023-07-21T17:47:27+0000,blitz3.pgn
8f059413-4b30-417e-8cc1-f84e2646d599,9,Live Chess,Chess.com,2023.06.23,-,jibrealfiaraz,Di7doShwaggins,0-1,654,,605,,,,Di7doShwaggins,605,jibrealfiaraz,654,-49,,Di7doShwaggins won by checkmate,180,,,,,2023-07-21T17:47:27+0000,blitz3.pgn
6a3545d5-70f5-4c0c-9a29-848f5cf7ebe8,10,Live Chess,Chess.com,2023.06.23,-,jibrealfiaraz,VladimirLvovich,1-0,665,,796,,,,jibrealfiaraz,665,VladimirLvovich,796,-131,,jibrealfiaraz won on time,180,,,,,2023-07-21T17:47:27+0000,blitz3.pgn
9e186685-8752-4484-99db-e38b7603fa97,11,Live Chess,Chess.com,2023.06.23,-,jibrealfiaraz,KilaueaFire,1/2-1/2,668,,819,,,,draw,,draw,,0,,Game drawn by stalemate,180,,,,,2023-07-21T17:47:27+0000,blitz3.pgn
aa2acb99-9146-4b37-8064-312c66f76340,12,Live Chess,Chess.com,2023.06.23,-,jibrealfiaraz,thandonosi,1-0,675,,604,,,,jibrealfiaraz,675,thandonosi,604,71,,jibrealfiaraz won by checkmate,180,,,,,2023-07-21T17:47:27+0000,blitz3.pgn
916b8a9b-646e-409d-9749-7775298f8478,13,Live Chess,Chess.com,2023.06.23,-,Mariuszek007,jibrealfiaraz,0-1,506,,679,,,,jibrealfiaraz,679,Mariuszek007,506,173,,jibrealfiaraz won on time,180,,,,,2023-07-21T17:47:27+0000,blitz3.pgn
f78eee38-4816-4d23-8b5a-1b6d7f18e18c,14,Live Chess,Chess.com,2023.06.23,-,Krakonoss,jibrealfiaraz,1/2-1/2,836,,682,,,,draw,,draw,,0,,Game drawn by agreement,180+2,,,,,2023-07-21T17:47:27+0000,blitz3.pgn
6df70458-2dd6-4463-a35b-ef7279c99d91,15,Live Chess,Chess.com,2023.06.23,-,kingchessrl,jibrealfiaraz,0-1,282,,684,,,,jibrealfiaraz,684,kingchessrl,282,402,,jibrealfiaraz won - game abandoned,180+2,,,,,2023-07-21T17:47:27+0000,blitz3.pgn
a25552f3-b786-47a2-966a-6c7e5859eef1,16,Live Chess,Chess.com,2023.06.23,-,jibrealfiaraz,feraolfeyissa,1-0,691,,645,,,,jibrealfiaraz,691,feraolfeyissa,645,46,,jibrealfiaraz won by resignation,180+2,,,,,2023-07-21T17:47:27+0000,blitz3.pgn
f012f8b5-d7d6-4bb9-8cce-13079f7c152e,17,Live Chess,Chess.com,2023.06.23,-,swostky,jibrealfiaraz,0-1,366,,693,,,,jibrealfiaraz,693,swostky,366,327,,jibrealfiaraz won by resignation,180+2,,,,,2023-07-21T17:47:27+0000,blitz3.pgn
2990be35-2251-4fbc-8166-3472f0a2310d,18,Live Chess,Chess.com,2023.06.23,-,xdimon,jibrealfiaraz,0-1,684,,701,,,,jibrealfiaraz,701,xdimon,684,17,,jibrealfiaraz won on time,180+2,,,,,2023-07-21T17:47:27+0000,blitz3.pgn
3dd5f60b-605f-4994-81d9-45ebd10cc6e3,19,Live Chess,Chess.com,2023.06.23,-,jibrealfiaraz,Hiro1418,1/2-1/2,702,,742,,,,draw,,draw,,0,,Game drawn by stalemate,180+2,,,,,2023-07-21T17:47:27+0000,blitz3.pgn
ca7b0270-666d-4b58-a5ef-9e157ff151a7,20,Live Chess,Chess.com,2023.06.23,-,kushh122,jibrealfiaraz,1-0,678,,693,,,,kushh122,678,jibrealfiaraz,693,-15,,kushh122 won by resignation,180+2,,,,,2023-07-21T17:47:27+0000,blitz3.pgn
fd721b50-ed5d-45ac-a7c3-b06644fe77e8,21,Live Chess,Chess.com,2023.06.25,-,jibrealfiaraz,liz-shoyo,1-0,701,,679,,,,jibrealfiaraz,701,liz-shoyo,679,22,,jibrealfiaraz won by resignation,180+2,,,,,2023-07-21T17:47:27+0000,blitz3.pgn
4ae8691e-2dc8-4874-902f-4c13a4eb5e74,22,Live Chess,Chess.com,2023.06.25,-,jibrealfiaraz,gmabhijeetpandey,0-1,693,,731,,,,gmabhijeetpandey,731,jibrealfiaraz,693,38,,gmabhijeetpandey won by resignation,180+2,,,,,2023-07-21T17:47:27+0000,blitz3.pgn
a210b0c3-4d5f-48a4-91a3-fc684a21e771,23,Live Chess,Chess.com,2023.06.25,-,jibrealfiaraz,vladimir342,1-0,702,,726,,,,jibrealfiaraz,702,vladimir342,726,-24,,jibrealfiaraz won on time,180+2,,,,,2023-07-21T17:47:27+0000,blitz3.pgn
e7eaf01c-bab4-4dae-a76e-4cbf6ceb51b2,24,Live Chess,Chess.com,2023.06.26,-,jibrealfiaraz,lucien57,0-1,699,,956,,,,lucien57,956,jibrealfiaraz,699,257,,lucien57 won by resignation,180,,,,,2023-07-21T17:47:27+0000,blitz3.pgn
63134548-d32f-458f-acf6-04a19088fc88,25,Live Chess,Chess.com,2023.06.26,-,nemfixam,jibrealfiaraz,1-0,746,,692,,,,nemfixam,746,jibrealfiaraz,692,54,,nemfixam won by resignation,180+2,,,,,2023-07-21T17:47:27+0000,blitz3.pgn
b6f85bd0-306d-4461-a162-5cb448d7206b,26,Live Chess,Chess.com,2023.06.26,-,Yvory93,jibrealfiaraz,1-0,774,,686,,,,Yvory93,774,jibrealfiaraz,686,88,,Yvory93 won by resignation,180+2,,,,,2023-07-21T17:47:27+0000,blitz3.pgn
04e23367-9277-43ed-8f0c-ebd568d5a75e,27,Live Chess,Chess.com,2023.06.26,-,fiaraziqbal,jibrealfiaraz,1-0,1155,,686,,,,fiaraziqbal,1155,jibrealfiaraz,686,469,,fiaraziqbal won by checkmate,180+2,,,,,2023-07-21T17:47:27+0000,blitz3.pgn
6c50a89e-07c2-40dd-aa17-81d3d2c1de5d,28,Live Chess,Chess.com,2023.06.26,-,jibrealfiaraz,fiaraziqbal,0-1,686,,1155,,,,fiaraziqbal,1155,jibrealfiaraz,686,469,,fiaraziqbal won by resignation,180+2,,,,,2023-07-21T17:47:27+0000,blitz3.pgn
e0fab572-afe7-45d0-91c6-ce7ea6c8c3c9,29,Live Chess,Chess.com,2023.06.26,-,fiaraziqbal,jibrealfiaraz,1-0,1155,,686,,,,fiaraziqbal,1155,jibrealfiaraz,686,469,,fiaraziqbal won by checkmate,180+2,,,,,2023-07-21T17:47:27+0000,blitz3.pgn
9b3f1432-a044-43c3-8c7b-dc47a9ce28e7,30,Live Chess,Chess.com,2023.06.26,-,jibrealfiaraz,fiaraziqbal,0-1,686,,1155,,,,fiaraziqbal,1155,jibrealfiaraz,686,469,,fiaraziqbal won by checkmate,180+2,,,,,2023-07-21T17:47:27+0000,blitz3.pgn
2d0e547e-fd19-4015-ad56-1a07366fab14,31,Live Chess,Chess.com,2023.06.26,-,fiaraziqbal,jibrealfiaraz,1-0,1155,,686,,,,fiaraziqbal,1155,jibrealfiaraz,686,469,,fiaraziqbal won by resignation,180+2,,,,,2023-07-21T17:47:27+0000,blitz3.pgn
4a72bfa6-2f20-4b04-8992-676a2327b220,32,Live Chess,Chess.com,2023.06.26,-,jibrealfiaraz,AlThePal36,1-0,693,,645,,,,jibrealfiaraz,693,AlThePal36,645,48,,jibrealfiaraz won on time,180+2,,,,,2023-07-21T17:47:27+0000,blitz3.pgn
05d3ae07-c109-4a9a-8bac-34f2cf24200a,33,Live Chess,Chess.com,2023.06.26,-,jibrealfiaraz,familyfriendlyleo,1-0,700,,636,,,,jibrealfiaraz,700,familyfriendlyleo,636,64,,jibrealfiaraz won by resignation,180+2,,,,,2023-07-21T17:47:27+0000,blitz3.pgn
03d411cf-04d0-4721-a5b1-03b5283d3808,34,Live Chess,Chess.com,2023.06.26,-,jibrealfiaraz,Sir-John09,1-0,709,,723,,,,jibrealfiaraz,709,Sir-John09,723,-14,,jibrealfiaraz won by checkmate,180+2,,,,,2023-07-21T17:47:27+0000,blitz3.pgn
6822ee56-e741-4528-a959-a7b7d1395843,35,Live Chess,Chess.com,2023.06.26,-,jibrealfiaraz,sourabh-134,0-1,702,,764,,,,sourabh-134,764,jibrealfiaraz,702,62,,sourabh-134 won by resignation,180+2,,,,,2023-07-21T17:47:28+0000,blitz3.pgn
0cdd9ef4-bad3-43fc-906d-f224f21ce02f,36,Live Chess,Chess.com,2023.06.27,-,jibrealfiaraz,ByrnRagnar,1-0,711,,734,,,,jibrealfiaraz,711,ByrnRagnar,734,-23,,jibrealfiaraz won by resignation,300,,,,,2023-07-21T17:47:28+0000,blitz3.pgn
7e027de2-c44a-4a2f-b4d0-be7863da39a8,37,Live Chess,Chess.com,2023.06.27,-,daVinc1999,jibrealfiaraz,1/2-1/2,658,,710,,,,draw,,draw,,0,,Game drawn - insufficient material,300,,,,,2023-07-21T17:47:28+0000,blitz3.pgn
4ebbf469-8230-4baf-b920-e7544ef6ee00,38,Live Chess,Chess.com,2023.06.27,-,jibrealfiaraz,fiaraziqbal,0-1,710,,1162,,,,fiaraziqbal,1162,jibrealfiaraz,710,452,,fiaraziqbal won by checkmate,180+2,,,,,2023-07-21T17:47:28+0000,blitz3.pgn
58f8bf8e-5025-4ca8-a20e-ac487d1ff18e,39,Live Chess,Chess.com,2023.06.27,-,fiaraziqbal,jibrealfiaraz,1-0,1162,,710,,,,fiaraziqbal,1162,jibrealfiaraz,710,452,,fiaraziqbal won by resignation,180+2,,,,,2023-07-21T17:47:28+0000,blitz3.pgn
789b0636-bc7b-4c72-9eb7-95d46639ed63,40,Live Chess,Chess.com,2023.06.28,-,alittlebraveninja,jibrealfiaraz,0-1,886,,722,,,,jibrealfiaraz,722,alittlebraveninja,886,-164,,jibrealfiaraz won on time,180+2,,,,,2023-07-21T17:47:28+0000,blitz3.pgn
1692d627-9add-4dfa-bd4d-4ae2722f464d,41,Live Chess,Chess.com,2023.06.28,-,cosmic_anis,jibrealfiaraz,1-0,920,,718,,,,cosmic_anis,920,jibrealfiaraz,718,202,,cosmic_anis won by checkmate,180+2,,,,,2023-07-21T17:47:28+0000,blitz3.pgn
eabb6359-67ec-4fba-9049-5361c9dffa18,42,Live Chess,Chess.com,2023.06.28,-,jibrealfiaraz,fiaraziqbal,0-1,718,,1162,,,,fiaraziqbal,1162,jibrealfiaraz,718,444,,fiaraziqbal won by resignation,180+2,,,,,2023-07-21T17:47:28+0000,blitz3.pgn
eb114f3d-da81-43fc-a995-3a8fbb7a3142,43,Live Chess,Chess.com,2023.06.28,-,fiaraziqbal,jibrealfiaraz,1-0,1162,,718,,,,fiaraziqbal,1162,jibrealfiaraz,718,444,,fiaraziqbal won by resignation,180+2,,,,,2023-07-21T17:47:28+0000,blitz3.pgn
f2d623f0-113a-49cc-afd5-757942abbab9,44,Live Chess,Chess.com,2023.06.28,-,jibrealfiaraz,fiaraziqbal,1-0,718,,1162,,,,jibrealfiaraz,718,fiaraziqbal,1162,-444,,jibrealfiaraz won by checkmate,180+2,,,,,2023-07-21T17:47:28+0000,blitz3.pgn
3e7c42e7-9498-4ce5-8e9f-16515a75e967,45,Live Chess,Chess.com,2023.06.28,-,nalimac,jibrealfiaraz,1/2-1/2,696,,717,,,,draw,,draw,,0,,Game drawn - timeout vs insufficient material,180,,,,,2023-07-21T17:47:28+0000,blitz3.pgn
465897af-7783-4d12-80de-f20ca851ad87,46,Live Chess,Chess.com,2023.06.28,-,jibrealfiaraz,KacperKuzmiuk,0-1,710,,765,,,,KacperKuzmiuk,765,jibrealfiaraz,710,55,,KacperKuzmiuk won by resignation,300,,,,,2023-07-21T17:47:28+0000,blitz3.pgn
50d4ce8d-2fea-4733-b44b-ddaf7efff935,47,Live Chess,Chess.com,2023.06.28,-,Okmugeras,jibrealfiaraz,0-1,655,,717,,,,jibrealfiaraz,717,Okmugeras,655,62,,jibrealfiaraz won by resignation,180,,,,,2023-07-21T17:47:28+0000,blitz3.pgn
6e1b3dac-1221-48d2-8ff6-34b4ff2128d7,48,Live Chess,Chess.com,2023.06.28,-,fiaraziqbal,jibrealfiaraz,0-1,1162,,717,,,,jibrealfiaraz,717,fiaraziqbal,1162,-445,,jibrealfiaraz won on time,180,,,,,2023-07-21T17:47:28+0000,blitz3.pgn
8ff8a425-7cdf-4275-a9e6-fd8c932c176d,49,Live Chess,Chess.com,2023.06.28,-,jibrealfiaraz,fiaraziqbal,0-1,717,,1162,,,,fiaraziqbal,1162,jibrealfiaraz,717,445,,fiaraziqbal won by checkmate,180,,,,,2023-07-21T17:47:28+0000,blitz3.pgn
9c361677-2f33-4916-a79d-055b08a5d472,50,Live Chess,Chess.com,2023.06.28,-,fiaraziqbal,jibrealfiaraz,1/2-1/2,1162,,717,,,,draw,,draw,,0,,Game drawn by stalemate,180,,,,,2023-07-21T17:47:28+0000,blitz3.pgn
86f3d26b-3e23-491b-8446-f7e793e37fae,1,Live Chess,Chess.com,2023.06.18,-,HRXLM10,jibrealfiaraz,0-1,242,,603,,,,jibrealfiaraz,603,HRXLM10,242,361,,jibrealfiaraz won - game abandoned,300,,,,,2023-07-21T17:47:31+0000,blitz4.pgn
5a545541-5c7b-4492-8c48-63c90e6ebe5b,2,Live Chess,Chess.com,2023.06.18,-,Gedo_17,jibrealfiaraz,1-0,452,,592,,,,Gedo_17,452,jibrealfiaraz,592,-140,,Gedo_17 won by checkmate,300,,,,,2023-07-21T17:47:31+0000,blitz4.pgn
a8e723e2-bcaa-47b1-88a3-95d2aa220f78,3,Live Chess,Chess.com,2023.06.18,-,jibrealfiaraz,AJil525,1-0,594,,206,,,,jibrealfiaraz,594,AJil525,206,388,,jibrealfiaraz won by resignation,300,,,,,2023-07-21T17:47:31+0000,blitz4.pgn
96c4de4f-e6d1-42e4-996c-ce608c90937d,4,Live Chess,Chess.com,2023.06.18,-,jibrealfiaraz,holi_og47,1-0,605,,730,,,,jibrealfiaraz,605,holi_og47,730,-125,,jibrealfiaraz won by checkmate,300,,,,,2023-07-21T17:47:31+0000,blitz4.pgn
b7634b67-cea7-471d-862e-5001fae089d0,5,Live Chess,Chess.com,2023.06.18,-,elemel123,jibrealfiaraz,1-0,637,,598,,,,elemel123,637,jibrealfiaraz,598,39,,elemel123 won - game abandoned,300,,,,,2023-07-21T17:47:31+0000,blitz4.pgn
47eca931-72ed-4fb7-8e62-6ce25753068b,6,Live Chess,Chess.com,2023.06.18,-,jibrealfiaraz,ambremauve,1-0,606,,575,,,,jibrealfiaraz,606,ambremauve,575,31,,jibrealfiaraz won by checkmate,180,,,,,2023-07-21T17:47:31+0000,blitz4.pgn
84ebfc51-697e-4b49-8e3a-c320dcda4588,7,Live Chess,Chess.com,2023.06.18,-,jibrealfiaraz,QuoVadis6,1-0,614,,476,,,,jibrealfiaraz,614,QuoVadis6,476,138,,jibrealfiaraz won on time,180,,,,,2023-07-21T17:47:31+0000,blitz4.pgn
6a8ce133-0bcb-49f0-a176-d3b2081d26f0,8,Live Chess,Chess.com,2023.06.18,-,JerryJap,jibrealfiaraz,0-1,529,,620,,,,jibrealfiaraz,620,JerryJap,529,91,,jibrealfiaraz won by resignation,180,,,,,2023-07-21T17:47:31+0000,blitz4.pgn
5cb6e372-3c72-4beb-a64a-87070be56b4f,9,Live Chess,Chess.com,2023.06.18,-,olivierbrandon,jibrealfiaraz,0-1,517,,626,,,,jibrealfiaraz,626,olivierbrandon,517,109,,jibrealfiaraz won by checkmate,180,,,,,2023-07-21T17:47:31+0000,blitz4.pgn
bb3b1038-bb50-45c3-a48f-94dc6999c13a,10,Live Chess,Chess.com,2023.06.18,-,jibrealfiaraz,nels1471,1-0,633,,585,,,,jibrealfiaraz,633,nels1471,585,48,,jibrealfiaraz won on time,180,,,,,2023-07-21T17:47:31+0000,blitz4.pgn
c64a1bb9-dd6f-4dba-a81e-c6d8b80fbbc4,11,Live Chess,Chess.com,2023.06.18,-,jibrealfiaraz,Asanamrenov,0-1,625,,625,,,,Asanamrenov,625,jibrealfiaraz,625,0,,Asanamrenov won by checkmate,180,,,,,2023-07-21T17:47:31+0000,blitz4.pgn
75d98660-2059-4684-85ad-f1eb8027e8b3,12,Live Chess,Chess.com,2023.06.18,-,fiaraziqbal,jibrealfiaraz,1-0,1164,,625,,,,fiaraziqbal,1164,jibrealfiaraz,625,539,,fiaraziqbal won by resignation,180+2,,,,,2023-07-21T17:47:31+0000,blitz4.pgn
f155136e-5466-4650-a302-23462155cf5c,13,Live Chess,Chess.com,2023.06.18,-,jibrealfiaraz,fiaraziqbal,1-0,625,,1164,,,,jibrealfiaraz,625,fiaraziqbal,1164,-539,,jibrealfiaraz won by checkmate,180+2,,,,,2023-07-21T17:47:31+0000,blitz4.pgn
04d39d62-2da4-4460-9b79-0bbdbe2ca7d3,14,Live Chess,Chess.com,2023.06.18,-,fiaraziqbal,jibrealfiaraz,1-0,1164,,625,,,,fiaraziqbal,1164,jibrealfiaraz,625,539,,fiaraziqbal won by checkmate,180+2,,,,,2023-07-21T17:47:31+0000,blitz4.pgn
8d86d623-fc64-4086-8dce-3d05e8c08ff8,15,Live Chess,Chess.com,2023.06.18,-,jibrealfiaraz,fiaraziqbal,0-1,625,,1164,,,,fiaraziqbal,1164,jibrealfiaraz,625,539,,fiaraziqbal won by checkmate,180+2,,,,,2023-07-21T17:47:31+0000,blitz4.pgn
d5fbb858-ade4-4ba0-9eb6-a4d45e740110,16,Live Chess,Chess.com,2023.06.19,-,67tbird,jibrealfiaraz,1-0,698,,619,,,,67tbird,698,jibrealfiaraz,619,79,,67tbird won by checkmate,180+2,,,,,2023-07-21T17:47:31+0000,blitz4.pgn
e8c615ef-7608-43de-8a45-cd39b88aec7d,17,Live Chess,Chess.com,2023.06.19,-,jibrealfiaraz,Happy_DragonVIII,1/2-1/2,618,,590,,,,draw,,draw,,0,,Game drawn by repetition,180+2,,,,,2023-07-21T17:47:31+0000,blitz4.pgn
09b4724c-a8b5-416a-9186-539824138556,18,Live Chess,Chess.com,2023.06.19,-,jibrealfiaraz,oralotto,0-1,611,,656,,,,oralotto,656,jibrealfiaraz,611,45,,oralotto won by resignation,180+2,,,,,2023-07-21T17:47:31+0000,blitz4.pgn
1818fb4c-0e87-4e90-98d6-691175ed5b75,19,Live Chess,Chess.com,2023.06.19,-,dch3ckmate,jibrealfiaraz,1/2-1/2,592,,611,,,,draw,,draw,,0,,Game drawn by stalemate,180+2,,,,,2023-07-21T17:47:31+0000,blitz4.pgn
0e880d1e-dd4c-4512-a822-6efd29963c54,20,Live Chess,Chess.com,2023.06.19,-,JakKubanek,jibrealfiaraz,1-0,625,,603,,,,JakKubanek,625,jibrealfiaraz,603,22,,JakKubanek won by resignation,180+2,,,,,2023-07-21T17:47:31+0000,blitz4.pgn
04c1c8da-758d-4486-ac27-bf945643680b,21,Live Chess,Chess.com,2023.06.19,-,jibrealfiaraz,akanme,1-0,612,,642,,,,jibrealfiaraz,612,akanme,642,-30,,jibrealfiaraz won by resignation,180+2,,,,,2023-07-21T17:47:31+0000,blitz4.pgn
207d8278-858e-4a8d-b65b-ccfa0e33d997,22,Live Chess,Chess.com,2023.06.19,-,Reezieee,jibrealfiaraz,1-0,665,,605,,,,Reezieee,665,jibrealfiaraz,605,60,,Reezieee won by resignation,180+2,,,,,2023-07-21T17:47:31+0000,blitz4.pgn
d89e44e6-618c-44f5-979a-283a88179fd2,23,Live Chess,Chess.com,2023.06.20,-,jibrealfiaraz,alasthennars,1/2-1/2,605,,605,,,,draw,,draw,,0,,Game drawn - timeout vs insufficient material,300,,,,,2023-07-21T17:47:31+0000,blitz4.pgn
ab82fae3-c80c-4eee-9969-faa916a72076,24,Live Chess,Chess.com,2023.06.20,-,fiaraziqbal,jibrealfiaraz,1-0,1164,,605,,,,fiaraziqbal,1164,jibrealfiaraz,605,559,,fiaraziqbal won by checkmate,300,,,,,2023-07-21T17:47:31+0000,blitz4.pgn
672db4a1-c8c1-4383-8331-115f270b74bd,25,Live Chess,Chess.com,2023.06.20,-,jibrealfiaraz,fiaraziqbal,0-1,605,,1164,,,,fiaraziqbal,1164,jibrealfiaraz,605,559,,fiaraziqbal won by resignation,300,,,,,2023-07-21T17:47:31+0000,blitz4.pgn
489a0b14-730a-4a83-b98d-f38042803b0d,26,Live Chess,Chess.com,2023.06.21,-,jibrealfiaraz,ZacharyGoldman,0-1,604,,1006,,,,ZacharyGoldman,1006,jibrealfiaraz,604,402,,ZacharyGoldman won by resignation,300,,,,,2023-07-21T17:47:31+0000,blitz4.pgn
33d55a37-766e-481c-817b-44372f9a3290,27,Live Chess,Chess.com,2023.06.21,-,jibrealfiaraz,MeBetterThanU5010,0-1,596,,629,,,,MeBetterThanU5010,629,jibrealfiaraz,596,33,,MeBetterThanU5010 won by checkmate,300,,,,,2023-07-21T17:47:31+0000,blitz4.pgn
8ea646e7-c9d2-46e8-8f23-d4c87c73e7ef,28,Live Chess,Chess.com,2023.06.21,-,tvdberg33,jibrealfiaraz,0-1,519,,602,,,,jibrealfiaraz,602,tvdberg33,519,83,,jibrealfiaraz won by checkmate,180+2,,,,,2023-07-21T17:47:31+0000,blitz4.pgn
5b320a88-0ce8-4ccd-ae85-4509085d22b8,29,Live Chess,Chess.com,2023.06.21,-,fiaraziqbal,jibrealfiaraz,1/2-1/2,1170,,602,,,,draw,,draw,,0,,Game drawn by stalemate,180+2,,,,,2023-07-21T17:47:31+0000,blitz4.pgn
7e36ecc9-915d-4f81-96a0-011d336d024d,30,Live Chess,Chess.com,2023.06.21,-,jibrealfiaraz,fiaraziqbal,0-1,602,,1170,,,,fiaraziqbal,1170,jibrealfiaraz,602,568,,fiaraziqbal won by resignation,180+2,,,,,2023-07-21T17:47:31+0000,blitz4.pgn
52acfe23-5f90-4215-a7f7-ad172218ed85,31,Live Chess,Chess.com,2023.06.21,-,fiaraziqbal,jibrealfiaraz,1-0,1170,,602,,,,fiaraziqbal,1170,jibrealfiaraz,602,568,,fiaraziqbal won by checkmate,180+2,,,,,2023-07-21T17:47:31+0000,blitz4.pgn
2944cac1-68b5-488f-a53f-c38ff747bd4d,32,Live Chess,Chess.com,2023.06.21,-,jibrealfiaraz,fiaraziqbal,1-0,602,,1170,,,,jibrealfiaraz,602,fiaraziqbal,1170,-568,,jibrealfiaraz won by checkmate,180+2,,,,,2023-07-21T17:47:31+0000,blitz4.pgn
5083d677-8e7a-42d4-a3e7-54cd1bd83a11,33,Live Chess,Chess.com,2023.06.21,-,OGG123,jibrealfiaraz,0-1,509,,608,,,,jibrealfiaraz,608,OGG123,509,99,,jibrealfiaraz won on time,180+2,,,,,2023-07-21T17:47:31+0000,blitz4.pgn
869dd21c-b04a-4744-942c-f41b4e9d6fed,34,Live Chess,Chess.com,2023.06.21,-,Skullrohit,jibrealfiaraz,0-1,564,,615,,,,jibrealfiaraz,615,Skullrohit,564,51,,jibrealfiaraz won by checkmate,180+2,,,,,2023-07-21T17:47:31+0000,blitz4.pgn
23e4d042-f1a6-44e4-a0ca-4fc86bd9ea21,35,Live Chess,Chess.com,2023.06.21,-,fiaraziqbal,jibrealfiaraz,1-0,1170,,615,,,,fiaraziqbal,1170,jibrealfiaraz,615,555,,fiaraziqbal won by resignation,180+2,,,,,2023-07-21T17:47:31+0000,blitz4.pgn
0d8ac22d-cf9f-4a08-a3c5-3900249f68a2,36,Live Chess,Chess.com,2023.06.22,-,jibrealfiaraz,juhhzzuuj,1-0,623,,596,,,,jibrealfiaraz,623,juhhzzuuj,596,27,,jibrealfiaraz won - game abandoned,180+2,,,,,2023-07-21T17:47:31+0000,blitz4.pgn
d51a0e16-b1b0-4940-912d-802b74f2b944,37,Live Chess,Chess.com,2023.06.22,-,jibrealfiaraz,fiaraziqbal,0-1,623,,1163,,,,fiaraziqbal,1163,jibrealfiaraz,623,540,,fiaraziqbal won by checkmate,180+2,,,,,2023-07-21T17:47:31+0000,blitz4.pgn
bcc64837-f68d-494a-a5c6-d4df80361122,38,Live Chess,Chess.com,2023.06.22,-,Zaiph,jibrealfiaraz,1-0,655,,615,,,,Zaiph,655,jibrealfiaraz,615,40,,Zaiph won by checkmate,180+2,,,,,2023-07-21T17:47:31+0000,blitz4.pgn
404cf376-37b6-42c5-9a80-e884b9a5e677,39,Live Chess,Chess.com,2023.06.22,-,jibrealfiaraz,gaurangbehere,1-0,624,,672,,,,jibrealfiaraz,624,gaurangbehere,672,-48,,jibrealfiaraz won by checkmate,180+2,,,,,2023-07-21T17:47:31+0000,blitz4.pgn
a7cd36b3-0324-456f-9bbc-eabbabc3090e,40,Live Chess,Chess.com,2023.06.22,-,Dugieboy,jibrealfiaraz,0-1,576,,631,,,,jibrealfiaraz,631,Dugieboy,576,55,,jibrealfiaraz won - game abandoned,180+2,,,,,2023-07-21T17:47:31+0000,blitz4.pgn
f8111076-ca6b-45a5-a37a-44ae85df3dc0,41,Live Chess,Chess.com,2023.06.22,-,Xanthcial,jibrealfiaraz,0-1,646,,640,,,,jibrealfiaraz,640,Xanthcial,646,-6,,jibrealfiaraz won by checkmate,180+2,,,,,2023-07-21T17:47:31+0000,blitz4.pgn
b908fbdf-4ba2-489f-a511-c98b6d5f6f87,42,Live Chess,Chess.com,2023.06.22,-,jibrealfiaraz,sala841,1-0,648,,619,,,,jibrealfiaraz,648,sala841,619,29,,jibrealfiaraz won on time,180+2,,,,,2023-07-21T17:47:31+0000,blitz4.pgn
93fada7f-41a0-4ac0-90b7-9070507bd368,43,Live Chess,Chess.com,2023.06.22,-,jibrealfiaraz,oscarthedog863,0-1,639,,620,,,,oscarthedog863,620,jibrealfiaraz,639,-19,,oscarthedog863 won by checkmate,180+2,,,,,2023-07-21T17:47:31+0000,blitz4.pgn
243965dd-f0ec-4cc7-bb67-07a3d10af6d3,44,Live Chess,Chess.com,2023.06.22,-,Enseley22,jibrealfiaraz,0-1,597,,646,,,,jibrealfiaraz,646,Enseley22,597,49,,jibrealfiaraz won by checkmate,180+2,,,,,2023-07-21T17:47:31+0000,blitz4.pgn
8746bd5a-7fe7-429d-8110-ee0d92a02bc5,45,Live Chess,Chess.com,2023.06.22,-,dens1630,jibrealfiaraz,1-0,682,,639,,,,dens1630,682,jibrealfiaraz,639,43,,dens1630 won by checkmate,180+2,,,,,2023-07-21T17:47:31+0000,blitz4.pgn
02685223-326b-4478-8f1c-ee8e1206bc43,46,Live Chess,Chess.com,2023.06.23,-,jibrealfiaraz,heedaelim,0-1,631,,627,,,,heedaelim,627,jibrealfiaraz,631,-4,,heedaelim won by checkmate,180+2,,,,,2023-07-21T17:47:31+0000,blitz4.pgn
4070335c-1920-4d4a-9fed-ad9537870cf3,47,Live Chess,Chess.com,2023.06.23,-,MasterOfTheRizz,jibrealfiaraz,0-1,604,,639,,,,jibrealfiaraz,639,MasterOfTheRizz,604,35,,jibrealfiaraz won by resignation,180+2,,,,,2023-07-21T17:47:31+0000,blitz4.pgn
72ff9c2b-70bf-41af-bd02-d74b0e2e74fc,48,Live Chess,Chess.com,2023.06.23,-,jibrealfiaraz,KillianRobillard,0-1,631,,659,,,,KillianRobillard,659,jibrealfiaraz,631,28,,KillianRobillard won by checkmate,180+2,,,,,2023-07-21T17:47:31+0000,blitz4.pgn
a646b435-bb72-47fb-b48a-b357e5faf30b,49,Live Chess,Chess.com,2023.06.23,-,jibrealfiaraz,FinishingSchool,0-1,623,,629,,,,FinishingSchool,629,jibrealfiaraz,623,6,,FinishingSchool won by checkmate,180+2,,,,,2023-07-21T17:47:31+0000,blitz4.pgn
dbc18a7e-0e21-484c-87c1-fd6a71bcac36,50,Live Chess,Chess.com,2023.06.23,-,jibrealfiaraz,Sefris11,1-0,635,,793,,,,jibrealfiaraz,635,Sefris11,793,-158,,jibrealfiaraz won by checkmate,180,,,,,2023-07-21T17:47:31+0000,blitz4.pgn
8ca38c06-aaba-43a7-ba14-fe3a5711f258,1,Live Chess,Chess.com,2023.06.07,-,jibrealfiaraz,rufino24,0-1,505,,632,,,,rufino24,632,jibrealfiaraz,505,127,,rufino24 won by resignation,300,,,,,2023-07-21T17:47:33+0000,blitz5.pgn
3d2947dd-d41c-4415-bbc3-0740d2ec8885,2,Live Chess,Chess.com,2023.06.07,-,weabberdeath,jibrealfiaraz,0-1,473,,514,,,,jibrealfiaraz,514,weabberdeath,473,41,,jibrealfiaraz won by checkmate,180+2,,,,,2023-07-21T17:47:33+0000,blitz5.pgn
c45ca2b6-ce1c-4aa3-ac80-a3b3fef541f4,3,Live Chess,Chess.com,2023.06.07,-,jibrealfiaraz,HeRoeBrain,1-0,523,,466,,,,jibrealfiaraz,523,HeRoeBrain,466,57,,jibrealfiaraz won by resignation,300,,,,,2023-07-21T17:47:33+0000,blitz5.pgn
e7792abf-2031-449a-b737-238f65f693c9,4,Live Chess,Chess.com,2023.06.07,-,SamueleQuaranta,jibrealfiaraz,0-1,469,,531,,,,jibrealfiaraz,531,SamueleQuaranta,469,62,,jibrealfiaraz won by checkmate,300,,,,,2023-07-21T17:47:33+0000,blitz5.pgn
850fd314-c4ff-4120-aa08-966bc7fc2eee,5,Live Chess,Chess.com,2023.06.07,-,bloodrabbir,jibrealfiaraz,0-1,181,,531,,,,jibrealfiaraz,531,bloodrabbir,181,350,,jibrealfiaraz won by checkmate,180+2,,,,,2023-07-21T17:47:33+0000,blitz5.pgn
817fedb3-5e2d-4742-a271-0e189201decc,6,Live Chess,Chess.com,2023.06.09,-,fiaraziqbal,jibrealfiaraz,1-0,1143,,531,,,,fiaraziqbal,1143,jibrealfiaraz,531,612,,fiaraziqbal won by resignation,180+2,,,,,2023-07-21T17:47:33+0000,blitz5.pgn
077f5a58-5bf8-4fe0-9b2e-b64d64a0edab,7,Live Chess,Chess.com,2023.06.09,-,jibrealfiaraz,fiaraziqbal,0-1,531,,1143,,,,fiaraziqbal,1143,jibrealfiaraz,531,612,,fiaraziqbal won by resignation,180+2,,,,,2023-07-21T17:47:33+0000,blitz5.pgn
af0733be-2846-422f-aa7b-b88f859076c8,8,Live Chess,Chess.com,2023.06.09,-,fiaraziqbal,jibrealfiaraz,1-0,1143,,531,,,,fiaraziqbal,1143,jibrealfiaraz,531,612,,fiaraziqbal won by checkmate,180+2,,,,,2023-07-21T17:47:33+0000,blitz5.pgn
ab3ce07a-74b5-427a-a9e1-70fa395e69a2,9,Live Chess,Chess.com,2023.06.09,-,jibrealfiaraz,fiaraziqbal,0-1,531,,1143,,,,fiaraziqbal,1143,jibrealfiaraz,531,612,,fiaraziqbal won by checkmate,180+2,,,,,2023-07-21T17:47:33+0000,blitz5.pgn
6a325191-b858-4620-b165-a829d941cf05,10,Live Chess,Chess.com,2023.06.09,-,fiaraziqbal,jibrealfiaraz,0-1,1143,,531,,,,jibrealfiaraz,531,fiaraziqbal,1143,-612,,jibrealfiaraz won by checkmate,180+2,,,,,2023-07-21T17:47:33+0000,blitz5.pgn
370020bf-d466-4761-a38d-3de11310ecb4,11,Live Chess,Chess.com,2023.06.11,-,jibrealfiaraz,Sviatoslav_King2010,1-0,540,,495,,,,jibrealfiaraz,540,Sviatoslav_King2010,495,45,,jibrealfiaraz won on time,300,,,,,2023-07-21T17:47:34+0000,blitz5.pgn
667e174e-1961-4865-99f0-a93c209c1261,12,Live Chess,Chess.com,2023.06.11,-,drdiscombobulate,jibrealfiaraz,1/2-1/2,639,,543,,,,draw,,draw,,0,,Game drawn by stalemate,300,,,,,2023-07-21T17:47:34+0000,blitz5.pgn
8f60056c-9f67-45cb-bf99-fddd1b08eb39,13,Live Chess,Chess.com,2023.06.11,-,jibrealfiaraz,adikbudakdrone,0-1,533,,544,,,,adikbudakdrone,544,jibrealfiaraz,533,11,,adikbudakdrone won by checkmate,300,,,,,2023-07-21T17:47:34+0000,blitz5.pgn
e1465822-9f21-4266-b890-fd07b664bfd5,14,Live Chess,Chess.com,2023.06.13,-,jibrealfiaraz,fiaraziqbal,0-1,533,,1146,,,,fiaraziqbal,1146,jibrealfiaraz,533,613,,fiaraziqbal won by checkmate,180+2,,,,,2023-07-21T17:47:34+0000,blitz5.pgn
6d3b8a92-57d9-4eeb-be53-95962c13c31a,15,Live Chess,Chess.com,2023.06.13,-,fiaraziqbal,jibrealfiaraz,1-0,1146,,533,,,,fiaraziqbal,1146,jibrealfiaraz,533,613,,fiaraziqbal won by resignation,180+2,,,,,2023-07-21T17:47:34+0000,blitz5.pgn
da818725-20ac-4444-ba54-d798d1fb3f80,16,Live Chess,Chess.com,2023.06.13,-,jibrealfiaraz,fiaraziqbal,0-1,533,,1146,,,,fiaraziqbal,1146,jibrealfiaraz,533,613,,fiaraziqbal won by resignation,180+2,,,,,2023-07-21T17:47:34+0000,blitz5.pgn
586d41da-fd90-4394-ae0f-bb3a7bab04a8,17,Live Chess,Chess.com,2023.06.14,-,jibrealfiaraz,fiaraziqbal,0-1,533,,1164,,,,fiaraziqbal,1164,jibrealfiaraz,533,631,,fiaraziqbal won by checkmate,180+2,,,,,2023-07-21T17:47:34+0000,blitz5.pgn
1a56e375-b836-4103-9894-a059bcc17db1,18,Live Chess,Chess.com,2023.06.14,-,fiaraziqbal,jibrealfiaraz,0-1,1164,,533,,,,jibrealfiaraz,533,fiaraziqbal,1164,-631,,jibrealfiaraz won by resignation,180+2,,,,,2023-07-21T17:47:34+0000,blitz5.pgn
0345734a-0f52-48b0-9aaf-9151eeed9c8e,19,Live Chess,Chess.com,2023.06.15,-,Prithviiiiiiii24,jibrealfiaraz,0-1,360,,539,,,,jibrealfiaraz,539,Prithviiiiiiii24,360,179,,jibrealfiaraz won - game abandoned,180+2,,,,,2023-07-21T17:47:34+0000,blitz5.pgn
2bb323b7-8321-4a56-84be-671bad927e53,20,Live Chess,Chess.com,2023.06.15,-,jibrealfiaraz,iadealbatranli4b,1-0,541,,100,,,,jibrealfiaraz,541,iadealbatranli4b,100,441,,jibrealfiaraz won - game abandoned,180+2,,,,,2023-07-21T17:47:34+0000,blitz5.pgn
9b76da76-59da-4019-ae05-90396dd66f88,21,Live Chess,Chess.com,2023.06.15,-,jibrealfiaraz,Sidharth_1o,1-0,551,,580,,,,jibrealfiaraz,551,Sidharth_1o,580,-29,,jibrealfiaraz won by checkmate,180+2,,,,,2023-07-21T17:47:34+0000,blitz5.pgn
58f49dcd-33af-4c5a-80f5-059460b9f723,22,Live Chess,Chess.com,2023.06.15,-,Jeevablack07,jibrealfiaraz,0-1,927,,567,,,,jibrealfiaraz,567,Jeevablack07,927,-360,,jibrealfiaraz won - game abandoned,180+2,,,,,2023-07-21T17:47:34+0000,blitz5.pgn
b81ccc12-0c7a-49a2-952d-3bcdd4ac9eee,23,Live Chess,Chess.com,2023.06.15,-,jibrealfiaraz,zenire,0-1,560,,667,,,,zenire,667,jibrealfiaraz,560,107,,zenire won by checkmate,180+2,,,,,2023-07-21T17:47:34+0000,blitz5.pgn
84059e37-af4e-44c9-ab43-40807383882a,24,Live Chess,Chess.com,2023.06.15,-,jibrealfiaraz,Neuroquest,1-0,565,,416,,,,jibrealfiaraz,565,Neuroquest,416,149,,jibrealfiaraz won on time,180+2,,,,,2023-07-21T17:47:34+0000,blitz5.pgn
0ed27531-aa89-4443-8769-cc2cef839f14,25,Live Chess,Chess.com,2023.06.15,-,CarmenRpm,jibrealfiaraz,0-1,489,,572,,,,jibrealfiaraz,572,CarmenRpm,489,83,,jibrealfiaraz won by checkmate,180+2,,,,,2023-07-21T17:47:34+0000,blitz5.pgn
22f785dd-956f-48f0-a69c-d5b0b146ff43,26,Live Chess,Chess.com,2023.06.15,-,dalaylama13,jibrealfiaraz,0-1,667,,583,,,,jibrealfiaraz,583,dalaylama13,667,-84,,jibrealfiaraz won by checkmate,180+2,,,,,2023-07-21T17:47:34+0000,blitz5.pgn
9dab6e17-0c0c-4298-b1d8-c80a5b9bed58,27,Live Chess,Chess.com,2023.06.15,-,jibrealfiaraz,queenthunde,1/2-1/2,583,,413,,,,draw,,draw,,0,,Game drawn by stalemate,180+2,,,,,2023-07-21T17:47:34+0000,blitz5.pgn
fbee3b33-e29c-4d8f-b98c-fd9784db98ab,28,Live Chess,Chess.com,2023.06.15,-,queenthunde,jibrealfiaraz,0-1,413,,583,,,,jibrealfiaraz,583,queenthunde,413,170,,jibrealfiaraz won by checkmate,180+2,,,,,2023-07-21T17:47:34+0000,blitz5.pgn
62a66bdd-f1b3-4511-a4d6-3ddd94be84e0,29,Live Chess,Chess.com,2023.06.15,-,jibrealfiaraz,queenthunde,1-0,583,,413,,,,jibrealfiaraz,583,queenthunde,413,170,,jibrealfiaraz won by checkmate,180+2,,,,,2023-07-21T17:47:34+0000,blitz5.pgn
4b9c9f85-e576-4b3d-888e-401e34c57ae8,30,Live Chess,Chess.com,2023.06.15,-,Denizler99,jibrealfiaraz,0-1,660,,593,,,,jibrealfiaraz,593,Denizler99,660,-67,,jibrealfiaraz won by resignation,180+2,,,,,2023-07-21T17:47:34+0000,blitz5.pgn
aaae09f9-fbe4-4846-bca9-4294b458e699,31,Live Chess,Chess.com,2023.06.15,-,jibrealfiaraz,Maithreiyan,1-0,597,,320,,,,jibrealfiaraz,597,Maithreiyan,320,277,,jibrealfiaraz won by checkmate,180+2,,,,,2023-07-21T17:47:34+0000,blitz5.pgn
df9e8523-dbde-483d-8ebc-650cd0fd6b8e,32,Live Chess,Chess.com,2023.06.15,-,Chessmaster_Trump,jibrealfiaraz,0-1,158,,598,,,,jibrealfiaraz,598,Chessmaster_Trump,158,440,,jibrealfiaraz won by checkmate,180+2,,,,,2023-07-21T17:47:34+0000,blitz5.pgn
403ddf6f-17c3-412e-ace8-d01c9530f32c,33,Live Chess,Chess.com,2023.06.15,-,jibrealfiaraz,namozbekquvondiqov,0-1,591,,667,,,,namozbekquvondiqov,667,jibrealfiaraz,591,76,,namozbekquvondiqov won by checkmate,180+2,,,,,2023-07-21T17:47:34+0000,blitz5.pgn
d44082cb-fb02-42b9-af95-889909556044,34,Live Chess,Chess.com,2023.06.15,-,jibrealfiaraz,Aissamiss17,0-1,581,,526,,,,Aissamiss17,526,jibrealfiaraz,581,-55,,Aissamiss17 won by checkmate,180+2,,,,,2023-07-21T17:47:34+0000,blitz5.pgn
029ee4ba-25f8-4388-8b0a-ea0b9cd26f13,35,Live Chess,Chess.com,2023.06.15,-,jibrealfiaraz,fiaraziqbal,0-1,581,,1164,,,,fiaraziqbal,1164,jibrealfiaraz,581,583,,fiaraziqbal won by checkmate,300,,,,,2023-07-21T17:47:34+0000,blitz5.pgn
e951556f-17c4-44e8-9838-6990a361e4b6,36,Live Chess,Chess.com,2023.06.15,-,fiaraziqbal,jibrealfiaraz,0-1,1164,,581,,,,jibrealfiaraz,581,fiaraziqbal,1164,-583,,jibrealfiaraz won by checkmate,300,,,,,2023-07-21T17:47:34+0000,blitz5.pgn
a1d84b64-10db-452d-b9ab-1c3536300681,37,Live Chess,Chess.com,2023.06.15,-,Nakka97,jibrealfiaraz,1-0,678,,575,,,,Nakka97,678,jibrealfiaraz,575,103,,Nakka97 won by resignation,180+2,,,,,2023-07-21T17:47:34+0000,blitz5.pgn
cf04269f-0a6d-462e-99f7-0eb6f95426b8,38,Live Chess,Chess.com,2023.06.15,-,Ser-993,jibrealfiaraz,0-1,587,,584,,,,jibrealfiaraz,584,Ser-993,587,-3,,jibrealfiaraz won by resignation,180+2,,,,,2023-07-21T17:47:34+0000,blitz5.pgn
88032437-054d-442a-b34e-e16983f9922b,39,Live Chess,Chess.com,2023.06.15,-,jibrealfiaraz,yermaw111,0-1,576,,580,,,,yermaw111,580,jibrealfiaraz,576,4,,yermaw111 won by checkmate,180+2,,,,,2023-07-21T17:47:34+0000,blitz5.pgn
66d461b9-a698-43be-9e64-08033bcc0542,40,Live Chess,Chess.com,2023.06.16,-,jibrealfiaraz,IvoCioroianu,0-1,574,,913,,,,IvoCioroianu,913,jibrealfiaraz,574,339,,IvoCioroianu won by resignation,300,,,,,2023-07-21T17:47:34+0000,blitz5.pgn
96768ca4-4474-4ae9-bbd6-219a40e42517,41,Live Chess,Chess.com,2023.06.16,-,maurohopmann,jibrealfiaraz,0-1,100,,575,,,,jibrealfiaraz,575,maurohopmann,100,475,,jibrealfiaraz won - game abandoned,300,,,,,2023-07-21T17:47:34+0000,blitz5.pgn
3b58e030-a5c9-4142-aa80-edd293282a7a,42,Live Chess,Chess.com,2023.06.16,-,CoolManBut,jibrealfiaraz,0-1,744,,587,,,,jibrealfiaraz,587,CoolManBut,744,-157,,jibrealfiaraz won by checkmate,300,,,,,2023-07-21T17:47:34+0000,blitz5.pgn
b9bae841-acad-40e1-86c9-919f516a15d9,43,Live Chess,Chess.com,2023.06.16,-,RemovedUsername067,jibrealfiaraz,0-1,828,,600,,,,jibrealfiaraz,600,RemovedUsername067,828,-228,,jibrealfiaraz won - game abandoned,300,,,,,2023-07-21T17:47:34+0000,blitz5.pgn
93fad2b7-f751-4f25-a421-13184f5a418e,44,Live Chess,Chess.com,2023.06.16,-,jibrealfiaraz,ojob35,0-1,595,,731,,,,ojob35,731,jibrealfiaraz,595,136,,ojob35 won by checkmate,300,,,,,2023-07-21T17:47:34+0000,blitz5.pgn
caa533c2-b6c6-464f-8073-cd24b0ff41eb,45,Live Chess,Chess.com,2023.06.16,-,jibrealfiaraz,fiaraziqbal,0-1,595,,1164,,,,fiaraziqbal,1164,jibrealfiaraz,595,569,,fiaraziqbal won by resignation,180+2,,,,,2023-07-21T17:47:34+0000,blitz5.pgn
645f765d-2789-4a9f-a4e1-9ff6b36a3774,46,Live Chess,Chess.com,2023.06.16,-,fiaraziqbal,jibrealfiaraz,1-0,1164,,595,,,,fiaraziqbal,1164,jibrealfiaraz,595,569,,fiaraziqbal won by resignation,180+2,,,,,2023-07-21T17:47:34+0000,blitz5.pgn
a55f04ca-50e6-44c5-b8cf-4c91d2663c7b,47,Live Chess,Chess.com,2023.06.16,-,jibrealfiaraz,fiaraziqbal,0-1,595,,1164,,,,fiaraziqbal,1164,jibrealfiaraz,595,569,,fiaraziqbal won by checkmate,180+2,,,,,2023-07-21T17:47:34+0000,blitz5.pgn
427a80f4-0515-4b26-b6e9-97bacaacced0,48,Live Chess,Chess.com,2023.06.16,-,fiaraziqbal,jibrealfiaraz,1-0,1164,,595,,,,fiaraziqbal,1164,jibrealfiaraz,595,569,,fiaraziqbal won by resignation,180+2,,,,,2023-07-21T17:47:34+0000,blitz5.pgn
998639cc-4b3a-4ce2-b5e9-eefc33b98bc6,49,Live Chess,Chess.com,2023.06.18,-,jibrealfiaraz,sanekmouse,1-0,606,,725,,,,jibrealfiaraz,606,sanekmouse,725,-119,,jibrealfiaraz won on time,300,,,,,2023-07-21T17:47:34+0000,blitz5.pgn
84b0e9a6-4554-415b-9c5e-bc1f7e4f85fe,50,Live Chess,Chess.com,2023.06.18,-,ignamicucci,jibrealfiaraz,1-0,763,,601,,,,ignamicucci,763,jibrealfiaraz,601,162,,ignamicucci won by checkmate,300,,,,,2023-07-21T17:47:34+0000,blitz5.pgn
54313c1a-9f60-432a-83ec-9aa274b99ebb,1,Live Chess,Chess.com,2023.05.29,-,Novato3030,jibrealfiaraz,1-0,610,,449,,,,Novato3030,610,jibrealfiaraz,449,161,,Novato3030 won by checkmate,180+2,,,,,2023-07-21T17:47:37+0000,blitz6.pgn
e72a7fcf-a38d-4396-9a5d-289afcc5a9a3,2,Live Chess,Chess.com,2023.05.29,-,jibrealfiaraz,OCOLAEE,0-1,437,,529,,,,OCOLAEE,529,jibrealfiaraz,437,92,,OCOLAEE won by resignation,180+2,,,,,2023-07-21T17:47:37+0000,blitz6.pgn
f75b1000-0146-4298-bc40-7469ac9323c8,3,Live Chess,Chess.com,2023.05.29,-,jibrealfiaraz,fiaraziqbal,1-0,437,,1159,,,,jibrealfiaraz,437,fiaraziqbal,1159,-722,,jibrealfiaraz won by checkmate,180,,,,,2023-07-21T17:47:37+0000,blitz6.pgn
9019fb45-aaf5-4005-beee-f6cf4cd3a2dc,4,Live Chess,Chess.com,2023.05.29,-,fiaraziqbal,jibrealfiaraz,1-0,1159,,437,,,,fiaraziqbal,1159,jibrealfiaraz,437,722,,fiaraziqbal won by resignation,180,,,,,2023-07-21T17:47:37+0000,blitz6.pgn
09943235-703f-485b-8678-8bb6d8f372b3,5,Live Chess,Chess.com,2023.05.29,-,jibrealfiaraz,fiaraziqbal,1-0,437,,1159,,,,jibrealfiaraz,437,fiaraziqbal,1159,-722,,jibrealfiaraz won by checkmate,180,,,,,2023-07-21T17:47:37+0000,blitz6.pgn
2eefa476-ba45-44da-8c8b-363cab1f2991,6,Live Chess,Chess.com,2023.05.29,-,fiaraziqbal,jibrealfiaraz,1-0,1159,,437,,,,fiaraziqbal,1159,jibrealfiaraz,437,722,,fiaraziqbal won by checkmate,180,,,,,2023-07-21T17:47:37+0000,blitz6.pgn
d01a25c5-9db6-4981-ba06-43af918669ba,7,Live Chess,Chess.com,2023.05.29,-,jibrealfiaraz,fiaraziqbal,0-1,437,,1159,,,,fiaraziqbal,1159,jibrealfiaraz,437,722,,fiaraziqbal won by checkmate,180,,,,,2023-07-21T17:47:37+0000,blitz6.pgn
8a5f2890-3294-45c8-a739-c34ed6847ade,8,Live Chess,Chess.com,2023.05.29,-,fiaraziqbal,jibrealfiaraz,0-1,1159,,437,,,,jibrealfiaraz,437,fiaraziqbal,1159,-722,,jibrealfiaraz won by checkmate,180,,,,,2023-07-21T17:47:37+0000,blitz6.pgn
37240dc0-8851-4fab-bbdf-c06258f7392e,9,Live Chess,Chess.com,2023.05.29,-,jibrealfiaraz,fiaraziqbal,0-1,437,,1159,,,,fiaraziqbal,1159,jibrealfiaraz,437,722,,fiaraziqbal won by checkmate,180,,,,,2023-07-21T17:47:37+0000,blitz6.pgn
1970989c-320e-43f1-8aba-94c2855ee215,10,Live Chess,Chess.com,2023.05.30,-,vermouth_1729,jibrealfiaraz,1-0,439,,422,,,,vermouth_1729,439,jibrealfiaraz,422,17,,vermouth_1729 won by checkmate,180,,,,,2023-07-21T17:47:37+0000,blitz6.pgn
cbfb6595-8653-4f3d-8477-ab6928ddd9a5,11,Live Chess,Chess.com,2023.05.30,-,jibrealfiaraz,kubahoracek,0-1,409,,445,,,,kubahoracek,445,jibrealfiaraz,409,36,,kubahoracek won by resignation,180+2,,,,,2023-07-21T17:47:37+0000,blitz6.pgn
c4acfb43-ac44-40f1-9a51-423fccdc82ba,12,Live Chess,Chess.com,2023.05.30,-,aryans7,jibrealfiaraz,1-0,704,,405,,,,aryans7,704,jibrealfiaraz,405,299,,aryans7 won by resignation,180+2,,,,,2023-07-21T17:47:37+0000,blitz6.pgn
42a3d18c-9fe3-4b97-bfa4-77bfbdf3fb5c,13,Live Chess,Chess.com,2023.05.30,-,jibrealfiaraz,thelastchessdragon,1-0,415,,309,,,,jibrealfiaraz,415,thelastchessdragon,309,106,,jibrealfiaraz won by checkmate,180+2,,,,,2023-07-21T17:47:37+0000,blitz6.pgn
2b920944-104b-4c31-a313-42fa443c6ba4,14,Live Chess,Chess.com,2023.05.30,-,jibrealfiaraz,Smelovsky_Evgeny,1-0,437,,736,,,,jibrealfiaraz,437,Smelovsky_Evgeny,736,-299,,jibrealfiaraz won by checkmate,180+2,,,,,2023-07-21T17:47:37+0000,blitz6.pgn
8cc03d2f-5930-4f2d-8619-a58ab22a0470,15,Live Chess,Chess.com,2023.05.30,-,jibrealfiaraz,XxxxxxxxxAaa,1-0,458,,713,,,,jibrealfiaraz,458,XxxxxxxxxAaa,713,-255,,jibrealfiaraz won by checkmate,180+2,,,,,2023-07-21T17:47:37+0000,blitz6.pgn
b5234c8c-74d3-47a3-8b7f-77b437b53b67,16,Live Chess,Chess.com,2023.05.30,-,jibrealfiaraz,Akcept,1-0,482,,934,,,,jibrealfiaraz,482,Akcept,934,-452,,jibrealfiaraz won by resignation,180+2,,,,,2023-07-21T17:47:37+0000,blitz6.pgn
3d18bbd6-4cbc-41eb-a7b4-0a9cfe121e20,17,Live Chess,Chess.com,2023.05.31,-,fiaraziqbal,jibrealfiaraz,1-0,1159,,482,,,,fiaraziqbal,1159,jibrealfiaraz,482,677,,fiaraziqbal won by checkmate,180+2,,,,,2023-07-21T17:47:37+0000,blitz6.pgn
ec9e9ba1-a999-4ac2-a4d0-8307db3c9937,18,Live Chess,Chess.com,2023.05.31,-,jibrealfiaraz,fiaraziqbal,1-0,482,,1159,,,,jibrealfiaraz,482,fiaraziqbal,1159,-677,,jibrealfiaraz won by checkmate,180+2,,,,,2023-07-21T17:47:37+0000,blitz6.pgn
929285d8-6853-40b3-8ce4-931eda5d0d97,19,Live Chess,Chess.com,2023.05.31,-,fiaraziqbal,jibrealfiaraz,1-0,1159,,482,,,,fiaraziqbal,1159,jibrealfiaraz,482,677,,fiaraziqbal won by checkmate,180+2,,,,,2023-07-21T17:47:37+0000,blitz6.pgn
183f4d03-905a-475f-ad32-332817c2dcd6,20,Live Chess,Chess.com,2023.05.31,-,jibrealfiaraz,fiaraziqbal,0-1,482,,1159,,,,fiaraziqbal,1159,jibrealfiaraz,482,677,,fiaraziqbal won by resignation,180+2,,,,,2023-07-21T17:47:37+0000,blitz6.pgn
cdeb4a31-83f1-4a38-99d0-a5fef0548379,21,Live Chess,Chess.com,2023.05.31,-,fiaraziqbal,jibrealfiaraz,1-0,1159,,482,,,,fiaraziqbal,1159,jibrealfiaraz,482,677,,fiaraziqbal won by resignation,180+2,,,,,2023-07-21T17:47:37+0000,blitz6.pgn
1ae4eef8-9ae3-4786-bb30-db56f60308a6,22,Live Chess,Chess.com,2023.05.31,-,jibrealfiaraz,fiaraziqbal,0-1,482,,1159,,,,fiaraziqbal,1159,jibrealfiaraz,482,677,,fiaraziqbal won by resignation,180+2,,,,,2023-07-21T17:47:37+0000,blitz6.pgn
d35385ba-c1d3-486d-b6fe-0c5dea7af856,23,Live Chess,Chess.com,2023.06.02,-,fiaraziqbal,jibrealfiaraz,1-0,1177,,495,,,,fiaraziqbal,1177,jibrealfiaraz,495,682,,fiaraziqbal won by resignation,180+2,,,,,2023-07-21T17:47:37+0000,blitz6.pgn
e6e0dad7-8bd5-471d-924f-3f7aef5e22a6,24,Live Chess,Chess.com,2023.06.02,-,jibrealfiaraz,fiaraziqbal,0-1,495,,1177,,,,fiaraziqbal,1177,jibrealfiaraz,495,682,,fiaraziqbal won by checkmate,180+2,,,,,2023-07-21T17:47:37+0000,blitz6.pgn
a2475a3f-f2fa-4d4c-b44a-1e270c608379,25,Live Chess,Chess.com,2023.06.02,-,fiaraziqbal,jibrealfiaraz,1-0,1177,,495,,,,fiaraziqbal,1177,jibrealfiaraz,495,682,,fiaraziqbal won by checkmate,180+2,,,,,2023-07-21T17:47:37+0000,blitz6.pgn
c0b246c8-5747-4d55-8586-5ccee6217537,26,Live Chess,Chess.com,2023.06.02,-,jibrealfiaraz,fiaraziqbal,0-1,495,,1177,,,,fiaraziqbal,1177,jibrealfiaraz,495,682,,fiaraziqbal won by resignation,180+2,,,,,2023-07-21T17:47:37+0000,blitz6.pgn
be20314e-56a3-45d1-a0a4-581d93555eb6,27,Live Chess,Chess.com,2023.06.02,-,fiaraziqbal,jibrealfiaraz,0-1,1177,,495,,,,jibrealfiaraz,495,fiaraziqbal,1177,-682,,jibrealfiaraz won by checkmate,180+2,,,,,2023-07-21T17:47:37+0000,blitz6.pgn
965ea850-3b3a-4e9a-bdbc-d82944f31aca,28,Live Chess,Chess.com,2023.06.02,-,jibrealfiaraz,fiaraziqbal,0-1,495,,1177,,,,fiaraziqbal,1177,jibrealfiaraz,495,682,,fiaraziqbal won by checkmate,180+2,,,,,2023-07-21T17:47:37+0000,blitz6.pgn
e564a2c6-831b-4680-b3e0-b4822f642465,29,Live Chess,Chess.com,2023.06.05,-,jibrealfiaraz,Phuc21092009,1-0,503,,321,,,,jibrealfiaraz,503,Phuc21092009,321,182,,jibrealfiaraz won by resignation,180+2,,,,,2023-07-21T17:47:37+0000,blitz6.pgn
7458438a-1044-4126-88ec-68f0be0a18c6,30,Live Chess,Chess.com,2023.06.05,-,RewoTympr,jibrealfiaraz,0-1,269,,510,,,,jibrealfiaraz,510,RewoTympr,269,241,,jibrealfiaraz won - game abandoned,180+2,,,,,2023-07-21T17:47:37+0000,blitz6.pgn
ac50b2bc-9f85-4098-88dd-95419dbe3bd2,31,Live Chess,Chess.com,2023.06.05,-,savasCanonac,jibrealfiaraz,0-1,432,,520,,,,jibrealfiaraz,520,savasCanonac,432,88,,jibrealfiaraz won - game abandoned,180+2,,,,,2023-07-21T17:47:37+0000,blitz6.pgn
5e01bdb1-981d-4d85-8e12-db21133d9374,32,Live Chess,Chess.com,2023.06.05,-,jibrealfiaraz,BlakkWilderr,1-0,525,,235,,,,jibrealfiaraz,525,BlakkWilderr,235,290,,jibrealfiaraz won on time,180+2,,,,,2023-07-21T17:47:37+0000,blitz6.pgn
94e57550-a83f-43f4-9a69-fa75cdac3eb9,33,Live Chess,Chess.com,2023.06.05,-,jibrealfiaraz,saishivamkarthick,0-1,515,,570,,,,saishivamkarthick,570,jibrealfiaraz,515,55,,saishivamkarthick won by resignation,180+2,,,,,2023-07-21T17:47:37+0000,blitz6.pgn
9f642ec3-50d1-4ba3-a91a-faa8faaf2d71,34,Live Chess,Chess.com,2023.06.05,-,jibrealfiaraz,LearnigToGM,0-1,511,,770,,,,LearnigToGM,770,jibrealfiaraz,511,259,,LearnigToGM won - game abandoned,180+2,,,,,2023-07-21T17:47:37+0000,blitz6.pgn
ddd132e7-e8d2-449b-90e9-b4593246f84a,35,Live Chess,Chess.com,2023.06.06,-,fiaraziqbal,jibrealfiaraz,1/2-1/2,1169,,515,,,,draw,,draw,,0,,Game drawn by stalemate,180+2,,,,,2023-07-21T17:47:37+0000,blitz6.pgn
080f49a5-6f40-441d-b515-a334b7847e55,36,Live Chess,Chess.com,2023.06.06,-,jibrealfiaraz,fiaraziqbal,0-1,515,,1169,,,,fiaraziqbal,1169,jibrealfiaraz,515,654,,fiaraziqbal won by checkmate,180+2,,,,,2023-07-21T17:47:37+0000,blitz6.pgn
9f46b10d-2d83-474d-bfa0-72fec47108b8,37,Live Chess,Chess.com,2023.06.06,-,fiaraziqbal,jibrealfiaraz,0-1,1169,,515,,,,jibrealfiaraz,515,fiaraziqbal,1169,-654,,jibrealfiaraz won by checkmate,180+2,,,,,2023-07-21T17:47:37+0000,blitz6.pgn
4386d913-be17-4b27-8a99-e48a10d1b0b3,38,Live Chess,Chess.com,2023.06.06,-,jibrealfiaraz,fiaraziqbal,0-1,515,,1169,,,,fiaraziqbal,1169,jibrealfiaraz,515,654,,fiaraziqbal won by resignation,180+2,,,,,2023-07-21T17:47:37+0000,blitz6.pgn
4a2b921b-c019-47d0-b5c6-01cc62adc178,39,Live Chess,Chess.com,2023.06.06,-,fiaraziqbal,jibrealfiaraz,1-0,1169,,515,,,,fiaraziqbal,1169,jibrealfiaraz,515,654,,fiaraziqbal won by checkmate,180+2,,,,,2023-07-21T17:47:37+0000,blitz6.pgn
b8dd41a8-4fa1-4fce-b002-34d39f9e7aef,40,Live Chess,Chess.com,2023.06.06,-,jibrealfiaraz,fiaraziqbal,0-1,515,,1169,,,,fiaraziqbal,1169,jibrealfiaraz,515,654,,fiaraziqbal won by checkmate,180+2,,,,,2023-07-21T17:47:37+0000,blitz6.pgn
28a3a4e1-c00a-4ae4-8bc2-3846f14345e4,41,Live Chess,Chess.com,2023.06.06,-,fiaraziqbal,jibrealfiaraz,1-0,1169,,515,,,,fiaraziqbal,1169,jibrealfiaraz,515,654,,fiaraziqbal won by checkmate,180+2,,,,,2023-07-21T17:47:37+0000,blitz6.pgn
543e5527-5081-4f98-b562-902712a28030,42,Live Chess,Chess.com,2023.06.06,-,jibrealfiaraz,fiaraziqbal,0-1,515,,1169,,,,fiaraziqbal,1169,jibrealfiaraz,515,654,,fiaraziqbal won by resignation,180+2,,,,,2023-07-21T17:47:37+0000,blitz6.pgn
5aa68cc5-4ea3-41bc-8935-a62e7a49d0e4,43,Live Chess,Chess.com,2023.06.06,-,magomed111111111,jibrealfiaraz,1-0,717,,510,,,,magomed111111111,717,jibrealfiaraz,510,207,,magomed111111111 won by checkmate,180+2,,,,,2023-07-21T17:47:37+0000,blitz6.pgn
3a89edd3-368c-46de-a044-79879d8eab16,44,Live Chess,Chess.com,2023.06.06,-,fiaraziqbal,jibrealfiaraz,1-0,1169,,510,,,,fiaraziqbal,1169,jibrealfiaraz,510,659,,fiaraziqbal won by checkmate,180,,,,,2023-07-21T17:47:37+0000,blitz6.pgn
0bd5eae4-cd4d-4827-9629-de6e7db8b34d,45,Live Chess,Chess.com,2023.06.06,-,jibrealfiaraz,fiaraziqbal,1-0,510,,1169,,,,jibrealfiaraz,510,fiaraziqbal,1169,-659,,jibrealfiaraz won on time,180,,,,,2023-07-21T17:47:37+0000,blitz6.pgn
9ab8c556-4eff-474a-a09d-e3605b586610,46,Live Chess,Chess.com,2023.06.06,-,fiaraziqbal,jibrealfiaraz,1-0,1169,,510,,,,fiaraziqbal,1169,jibrealfiaraz,510,659,,fiaraziqbal won by resignation,180,,,,,2023-07-21T17:47:37+0000,blitz6.pgn
b16e54b0-9a29-44f1-9a07-538a61732ed0,47,Live Chess,Chess.com,2023.06.06,-,jibrealfiaraz,fiaraziqbal,1-0,510,,1169,,,,jibrealfiaraz,510,fiaraziqbal,1169,-659,,jibrealfiaraz won by checkmate,180,,,,,2023-07-21T17:47:37+0000,blitz6.pgn
f8c03237-03c0-402b-bc3c-7c8624d65225,48,Live Chess,Chess.com,2023.06.06,-,fiaraziqbal,jibrealfiaraz,1-0,1169,,510,,,,fiaraziqbal,1169,jibrealfiaraz,510,659,,fiaraziqbal won by resignation,180,,,,,2023-07-21T17:47:37+0000,blitz6.pgn
82d2992b-8233-4bcc-b5d8-44b0a775d4db,49,Live Chess,Chess.com,2023.06.06,-,jibrealfiaraz,LunaSol2023,1-0,517,,320,,,,jibrealfiaraz,517,LunaSol2023,320,197,,jibrealfiaraz won on time,180,,,,,2023-07-21T17:47:37+0000,blitz6.pgn
9dee8883-1391-4d9c-ae2a-6253315d10a1,50,Live Chess,Chess.com,2023.06.06,-,Nakeele,jibrealfiaraz,1-0,740,,512,,,,Nakeele,740,jibrealfiaraz,512,228,,Nakeele won by checkmate,180,,,,,2023-07-21T17:47:37+0000,blitz6.pgn
2f7773ad-99c0-4913-ad97-4eccf55be6b5,1,Live Chess,Chess.com,2023.03.22,-,jibrealfiaraz,daviddompr,0-1,246,,426,,,,daviddompr,426,jibrealfiaraz,246,180,,daviddompr won by resignation,180,,,,,2023-07-21T17:47:42+0000,blitz7.pgn
bd3fda08-55f8-4502-b700-da11525c5c65,2,Live Chess,Chess.com,2023.03.22,-,jibrealfiaraz,jaboljacol,0-1,119,,225,,,,jaboljacol,225,jibrealfiaraz,119,106,,jaboljacol won by resignation,180,,,,,2023-07-21T17:47:42+0000,blitz7.pgn
bb8bccf1-f8ea-49ad-b8e3-11bae6bf9601,3,Live Chess,Chess.com,2023.03.23,-,Kenshin-J,jibrealfiaraz,1-0,146,,100,,,,Kenshin-J,146,jibrealfiaraz,100,46,,Kenshin-J won on time,180,,,,,2023-07-21T17:47:42+0000,blitz7.pgn
64648fcb-f80e-420e-b793-f9c6dafb8153,4,Live Chess,Chess.com,2023.03.23,-,rangersfan17,jibrealfiaraz,0-1,111,,176,,,,jibrealfiaraz,176,rangersfan17,111,65,,jibrealfiaraz won by resignation,180,,,,,2023-07-21T17:47:42+0000,blitz7.pgn
0c9968b1-967b-4397-83d4-bbb6a9f7d3a7,5,Live Chess,Chess.com,2023.03.23,-,GloverSolos,jibrealfiaraz,1-0,146,,109,,,,GloverSolos,146,jibrealfiaraz,109,37,,GloverSolos won by resignation,180,,,,,2023-07-21T17:47:42+0000,blitz7.pgn
4d664b4e-686e-4de2-ae80-490928240c6c,6,Live Chess,Chess.com,2023.03.23,-,MANNY4421,jibrealfiaraz,0-1,111,,162,,,,jibrealfiaraz,162,MANNY4421,111,51,,jibrealfiaraz won - game abandoned,180,,,,,2023-07-21T17:47:42+0000,blitz7.pgn
2394d0d7-af16-45e4-86be-21a53c660373,7,Live Chess,Chess.com,2023.03.23,-,jibrealfiaraz,Qausio,1-0,207,,158,,,,jibrealfiaraz,207,Qausio,158,49,,jibrealfiaraz won by checkmate,180,,,,,2023-07-21T17:47:42+0000,blitz7.pgn
3e8b4ce6-a7fa-4f39-8aa7-246de566df20,8,Live Chess,Chess.com,2023.03.23,-,3isaj,jibrealfiaraz,1-0,235,,169,,,,3isaj,235,jibrealfiaraz,169,66,,3isaj won by resignation,180,,,,,2023-07-21T17:47:42+0000,blitz7.pgn
dde65199-4f77-4dc0-9723-8bf98f643a25,9,Live Chess,Chess.com,2023.03.23,-,jibrealfiaraz,Hodvin,1-0,209,,203,,,,jibrealfiaraz,209,Hodvin,203,6,,jibrealfiaraz won by checkmate,180,,,,,2023-07-21T17:47:42+0000,blitz7.pgn
72ad3516-5384-4809-91e9-dc75d8ed3549,10,Live Chess,Chess.com,2023.03.23,-,diego32410,jibrealfiaraz,0-1,182,,240,,,,jibrealfiaraz,240,diego32410,182,58,,jibrealfiaraz won by checkmate,180,,,,,2023-07-21T17:47:42+0000,blitz7.pgn
0376c757-996f-4d1b-9ca0-85c8422fe72d,11,Live Chess,Chess.com,2023.03.23,-,jibrealfiaraz,Ethan_Br,1-0,272,,249,,,,jibrealfiaraz,272,Ethan_Br,249,23,,jibrealfiaraz won - game abandoned,180,,,,,2023-07-21T17:47:42+0000,blitz7.pgn
97c58bd7-9d9d-4f1b-8319-791faf76c92a,12,Live Chess,Chess.com,2023.03.23,-,jibrealfiaraz,croasdale01,0-1,245,,296,,,,croasdale01,296,jibrealfiaraz,245,51,,croasdale01 won - game abandoned,180,,,,,2023-07-21T17:47:42+0000,blitz7.pgn
f295abbb-e9e4-4dc9-a4a1-fd52d5ef47b8,13,Live Chess,Chess.com,2023.03.24,-,jibrealfiaraz,Shawiss24,0-1,222,,293,,,,Shawiss24,293,jibrealfiaraz,222,71,,Shawiss24 won by resignation,180,,,,,2023-07-21T17:47:42+0000,blitz7.pgn
21a37d46-48c1-4c60-8b31-cdd843f753c0,14,Live Chess,Chess.com,2023.03.24,-,jibrealfiaraz,Wandercook,1-0,243,,175,,,,jibrealfiaraz,243,Wandercook,175,68,,jibrealfiaraz won on time,180,,,,,2023-07-21T17:47:42+0000,blitz7.pgn
c2dcecbe-0f57-4aeb-8cef-376d0a1cc16c,15,Live Chess,Chess.com,2023.03.24,-,ashtotutpisatb,jibrealfiaraz,0-1,237,,266,,,,jibrealfiaraz,266,ashtotutpisatb,237,29,,jibrealfiaraz won by checkmate,180,,,,,2023-07-21T17:47:42+0000,blitz7.pgn
18e6841e-bcb2-473a-b961-e571543fd138,16,Live Chess,Chess.com,2023.04.12,-,jibrealfiaraz,tenshiseinen,1-0,288,,255,,,,jibrealfiaraz,288,tenshiseinen,255,33,,jibrealfiaraz won by resignation,300,,,,,2023-07-21T17:47:42+0000,blitz7.pgn
4eaf5830-8cbf-4341-b03c-35df482f3048,17,Live Chess,Chess.com,2023.04.12,-,jibrealfiaraz,Anakichese,1-0,310,,299,,,,jibrealfiaraz,310,Anakichese,299,11,,jibrealfiaraz won by checkmate,300,,,,,2023-07-21T17:47:42+0000,blitz7.pgn
8c69df66-1dda-4268-9c78-df7a3d7ec939,18,Live Chess,Chess.com,2023.04.12,-,HNIGAM,jibrealfiaraz,0-1,210,,325,,,,jibrealfiaraz,325,HNIGAM,210,115,,jibrealfiaraz won by checkmate,300,,,,,2023-07-21T17:47:42+0000,blitz7.pgn
961941aa-edd2-4639-ab2f-18676f6789cf,19,Live Chess,Chess.com,2023.04.27,-,anayafiaraz,jibrealfiaraz,0-1,222,,325,,,,jibrealfiaraz,325,anayafiaraz,222,103,,jibrealfiaraz won by checkmate,300,,,,,2023-07-21T17:47:42+0000,blitz7.pgn
66c8909e-0fc4-4d5d-b497-2fdb6d7a1f25,20,Live Chess,Chess.com,2023.05.02,-,minahanna1111,jibrealfiaraz,0-1,332,,347,,,,jibrealfiaraz,347,minahanna1111,332,15,,jibrealfiaraz won by checkmate,180+2,,,,,2023-07-21T17:47:42+0000,blitz7.pgn
24c49d71-f143-40d4-ab06-131f1398498c,21,Live Chess,Chess.com,2023.05.11,-,fiaraziqbal,jibrealfiaraz,1-0,1233,,347,,,,fiaraziqbal,1233,jibrealfiaraz,347,886,,fiaraziqbal won by checkmate,300,,,,,2023-07-21T17:47:42+0000,blitz7.pgn
fff204b4-bd73-498a-ac9f-edbef455ce66,22,Live Chess,Chess.com,2023.05.11,-,jibrealfiaraz,fiaraziqbal,0-1,347,,1233,,,,fiaraziqbal,1233,jibrealfiaraz,347,886,,fiaraziqbal won by resignation,300,,,,,2023-07-21T17:47:42+0000,blitz7.pgn
afc5db7c-4676-4a1c-a811-77408ce9f810,23,Live Chess,Chess.com,2023.05.11,-,fiaraziqbal,jibrealfiaraz,1-0,1233,,347,,,,fiaraziqbal,1233,jibrealfiaraz,347,886,,fiaraziqbal won by checkmate,300,,,,,2023-07-21T17:47:42+0000,blitz7.pgn
28936970-36a4-4bb6-aa78-f079ebd6c353,24,Live Chess,Chess.com,2023.05.11,-,jibrealfiaraz,fiaraziqbal,0-1,347,,1233,,,,fiaraziqbal,1233,jibrealfiaraz,347,886,,fiaraziqbal won by checkmate,300,,,,,2023-07-21T17:47:42+0000,blitz7.pgn
0f2d6457-74a4-4730-832c-45592455e0fb,25,Live Chess,Chess.com,2023.05.23,-,fiaraziqbal,jibrealfiaraz,1-0,1183,,347,,,,fiaraziqbal,1183,jibrealfiaraz,347,836,,fiaraziqbal won by checkmate,180,,,,,2023-07-21T17:47:42+0000,blitz7.pgn
7da6070b-4a3a-40b5-8fad-9ce11a60c33b,26,Live Chess,Chess.com,2023.05.24,-,yasar9tr,jibrealfiaraz,0-1,354,,369,,,,jibrealfiaraz,369,yasar9tr,354,15,,jibrealfiaraz won by resignation,300,,,,,2023-07-21T17:47:42+0000,blitz7.pgn
b28d2291-67ef-415b-b9b7-45cc24de7d6b,27,Live Chess,Chess.com,2023.05.24,-,PaluAritno1,jibrealfiaraz,1-0,397,,350,,,,PaluAritno1,397,jibrealfiaraz,350,47,,PaluAritno1 won by resignation,300,,,,,2023-07-21T17:47:42+0000,blitz7.pgn
81fbbcbb-1dba-40e0-aa4a-5a459ae1486a,28,Live Chess,Chess.com,2023.05.29,-,jibrealfiaraz,000ZAKARIA000,0-1,346,,742,,,,000ZAKARIA000,742,jibrealfiaraz,346,396,,000ZAKARIA000 won by checkmate,180+2,,,,,2023-07-21T17:47:42+0000,blitz7.pgn
61ef1457-5173-4afa-b4da-f66ef9d03a5f,29,Live Chess,Chess.com,2023.05.29,-,Jayden1234565,jibrealfiaraz,0-1,234,,361,,,,jibrealfiaraz,361,Jayden1234565,234,127,,jibrealfiaraz won by checkmate,180+2,,,,,2023-07-21T17:47:42+0000,blitz7.pgn
ae870e0d-5dae-4cea-8619-b3554f5fe4fc,30,Live Chess,Chess.com,2023.05.29,-,cedinoah,jibrealfiaraz,0-1,309,,383,,,,jibrealfiaraz,383,cedinoah,309,74,,jibrealfiaraz won - game abandoned,180+2,,,,,2023-07-21T17:47:42+0000,blitz7.pgn
91fc64fe-65eb-4fd7-b492-4452277b2e1f,31,Live Chess,Chess.com,2023.05.29,-,jibrealfiaraz,frigian985,1-0,404,,426,,,,jibrealfiaraz,404,frigian985,426,-22,,jibrealfiaraz won by checkmate,180+2,,,,,2023-07-21T17:47:42+0000,blitz7.pgn
e7c861d6-7a35-4b13-8112-2e9a2af8d567,32,Live Chess,Chess.com,2023.05.29,-,sguy1908,jibrealfiaraz,0-1,529,,428,,,,jibrealfiaraz,428,sguy1908,529,-101,,jibrealfiaraz won by checkmate,180+2,,,,,2023-07-21T17:47:42+0000,blitz7.pgn
f488e42d-ae53-4ace-9769-e8e811311837,33,Live Chess,Chess.com,2023.05.29,-,jibrealfiaraz,newchessmas,1-0,444,,412,,,,jibrealfiaraz,444,newchessmas,412,32,,jibrealfiaraz won on time,180+2,,,,,2023-07-21T17:47:42+0000,blitz7.pgn
4f4a588b-f5f9-495a-adf1-ba7baa0610f1,34,Live Chess,Chess.com,2023.05.29,-,SuperrrrrMannnnn,jibrealfiaraz,0-1,525,,465,,,,jibrealfiaraz,465,SuperrrrrMannnnn,525,-60,,jibrealfiaraz won by checkmate,180+2,,,,,2023-07-21T17:47:42+0000,blitz7.pgn
94c6ec23-8d1e-4cde-ba1f-29bd7ad9e6b4,35,Live Chess,Chess.com,2023.05.29,-,ingenieroyosep,jibrealfiaraz,1-0,699,,458,,,,ingenieroyosep,699,jibrealfiaraz,458,241,,ingenieroyosep won by resignation,180+2,,,,,2023-07-21T17:47:42+0000,blitz7.pgn
